cohort_month,months_since_acquisition,cohort_size,active_customers,retention_pct
2009-12-01,0,951,951,100.0
2009-12-01,1,951,333,35.02
2009-12-01,2,951,317,33.33
2009-12-01,3,951,404,42.48
2009-12-01,4,951,360,37.85
2009-12-01,5,951,342,35.96
2009-12-01,6,951,358,37.64
2009-12-01,7,951,327,34.38
2009-12-01,8,951,321,33.75
2009-12-01,9,951,344,36.17
2009-12-01,10,951,401,42.17
2009-12-01,11,951,472,49.63
2009-12-01,12,951,358,37.64
2009-12-01,13,951,268,28.18
2009-12-01,14,951,232,24.4
2009-12-01,15,951,288,30.28
2009-12-01,16,951,250,26.29
2009-12-01,17,951,288,30.28
2009-12-01,18,951,270,28.39
2009-12-01,19,951,246,25.87
2009-12-01,20,951,242,25.45
2009-12-01,21,951,298,31.34
2009-12-01,22,951,289,30.39
2009-12-01,23,951,386,40.59
2009-12-01,24,951,187,19.66
2010-01-01,0,368,368,100.0
2010-01-01,1,368,79,21.47
2010-01-01,2,368,118,32.07
2010-01-01,3,368,116,31.52
2010-01-01,4,368,100,27.17
2010-01-01,5,368,114,30.98
2010-01-01,6,368,99,26.9
2010-01-01,7,368,86,23.37
2010-01-01,8,368,105,28.53
2010-01-01,9,368,120,32.61
2010-01-01,10,368,114,30.98
2010-01-01,11,368,66,17.93
2010-01-01,12,368,84,22.83
2010-01-01,13,368,66,17.93
2010-01-01,14,368,72,19.57
2010-01-01,15,368,56,15.22
2010-01-01,16,368,90,24.46
2010-01-01,17,368,75,20.38
2010-01-01,18,368,71,19.29
2010-01-01,19,368,74,20.11
2010-01-01,20,368,93,25.27
2010-01-01,21,368,73,19.84
2010-01-01,22,368,93,25.27
2010-01-01,23,368,21,5.71
2010-02-01,0,375,375,100.0
2010-02-01,1,375,88,23.47
2010-02-01,2,375,85,22.67
2010-02-01,3,375,110,29.33
2010-02-01,4,375,92,24.53
2010-02-01,5,375,74,19.73
2010-02-01,6,375,72,19.2
2010-02-01,7,375,108,28.8
2010-02-01,8,375,96,25.6
2010-02-01,9,375,104,27.73
2010-02-01,10,375,43,11.47
2010-02-01,11,375,47,12.53
2010-02-01,12,375,57,15.2
2010-02-01,13,375,66,17.6
2010-02-01,14,375,46,12.27
2010-02-01,15,375,75,20.0
2010-02-01,16,375,60,16.0
2010-02-01,17,375,61,16.27
2010-02-01,18,375,54,14.4
2010-02-01,19,375,86,22.93
2010-02-01,20,375,86,22.93
2010-02-01,21,375,62,16.53
2010-02-01,22,375,22,5.87
2010-03-01,0,441,441,100.0
2010-03-01,1,441,84,19.05
2010-03-01,2,441,102,23.13
2010-03-01,3,441,107,24.26
2010-03-01,4,441,102,23.13
2010-03-01,5,441,90,20.41
2010-03-01,6,441,109,24.72
2010-03-01,7,441,135,30.61
2010-03-01,8,441,122,27.66
2010-03-01,9,441,48,10.88
2010-03-01,10,441,51,11.56
2010-03-01,11,441,64,14.51
2010-03-01,12,441,88,19.95
2010-03-01,13,441,72,16.33
2010-03-01,14,441,88,19.95
2010-03-01,15,441,75,17.01
2010-03-01,16,441,77,17.46
2010-03-01,17,441,69,15.65
2010-03-01,18,441,78,17.69
2010-03-01,19,441,90,20.41
2010-03-01,20,441,94,21.32
2010-03-01,21,441,34,7.71
2010-04-01,0,294,294,100.0
2010-04-01,1,294,56,19.05
2010-04-01,2,294,56,19.05
2010-04-01,3,294,47,15.99
2010-04-01,4,294,54,18.37
2010-04-01,5,294,65,22.11
2010-04-01,6,294,81,27.55
2010-04-01,7,294,78,26.53
2010-04-01,8,294,31,10.54
2010-04-01,9,294,32,10.88
2010-04-01,10,294,22,7.48
2010-04-01,11,294,41,13.95
2010-04-01,12,294,42,14.29
2010-04-01,13,294,46,15.65
2010-04-01,14,294,46,15.65
2010-04-01,15,294,46,15.65
2010-04-01,16,294,41,13.95
2010-04-01,17,294,44,14.97
2010-04-01,18,294,53,18.03
2010-04-01,19,294,67,22.79
2010-04-01,20,294,17,5.78
2010-05-01,0,255,255,100.0
2010-05-01,1,255,40,15.69
2010-05-01,2,255,43,16.86
2010-05-01,3,255,45,17.65
2010-05-01,4,255,45,17.65
2010-05-01,5,255,65,25.49
2010-05-01,6,255,54,21.18
2010-05-01,7,255,32,12.55
2010-05-01,8,255,15,5.88
2010-05-01,9,255,21,8.24
2010-05-01,10,255,29,11.37
2010-05-01,11,255,34,13.33
2010-05-01,12,255,39,15.29
2010-05-01,13,255,39,15.29
2010-05-01,14,255,25,9.8
2010-05-01,15,255,32,12.55
2010-05-01,16,255,35,13.73
2010-05-01,17,255,42,16.47
2010-05-01,18,255,39,15.29
2010-05-01,19,255,12,4.71
2010-06-01,0,267,267,100.0
2010-06-01,1,267,47,17.6
2010-06-01,2,267,50,18.73
2010-06-01,3,267,55,20.6
2010-06-01,4,267,62,23.22
2010-06-01,5,267,76,28.46
2010-06-01,6,267,34,12.73
2010-06-01,7,267,24,8.99
2010-06-01,8,267,22,8.24
2010-06-01,9,267,30,11.24
2010-06-01,10,267,28,10.49
2010-06-01,11,267,37,13.86
2010-06-01,12,267,40,14.98
2010-06-01,13,267,33,12.36
2010-06-01,14,267,30,11.24
2010-06-01,15,267,33,12.36
2010-06-01,16,267,35,13.11
2010-06-01,17,267,54,20.22
2010-06-01,18,267,13,4.87
2010-07-01,0,185,185,100.0
2010-07-01,1,185,29,15.68
2010-07-01,2,185,34,18.38
2010-07-01,3,185,55,29.73
2010-07-01,4,185,54,29.19
2010-07-01,5,185,26,14.05
2010-07-01,6,185,21,11.35
2010-07-01,7,185,27,14.59
2010-07-01,8,185,27,14.59
2010-07-01,9,185,21,11.35
2010-07-01,10,185,25,13.51
2010-07-01,11,185,27,14.59
2010-07-01,12,185,24,12.97
2010-07-01,13,185,25,13.51
2010-07-01,14,185,36,19.46
2010-07-01,15,185,32,17.3
2010-07-01,16,185,44,23.78
2010-07-01,17,185,15,8.11
2010-08-01,0,163,163,100.0
2010-08-01,1,163,32,19.63
2010-08-01,2,163,47,28.83
2010-08-01,3,163,53,32.52
2010-08-01,4,163,27,16.56
2010-08-01,5,163,19,11.66
2010-08-01,6,163,16,9.82
2010-08-01,7,163,21,12.88
2010-08-01,8,163,22,13.5
2010-08-01,9,163,21,12.88
2010-08-01,10,163,21,12.88
2010-08-01,11,163,19,11.66
2010-08-01,12,163,24,14.72
2010-08-01,13,163,28,17.18
2010-08-01,14,163,28,17.18
2010-08-01,15,163,32,19.63
2010-08-01,16,163,12,7.36
2010-09-01,0,239,239,100.0
2010-09-01,1,239,55,23.01
2010-09-01,2,239,56,23.43
2010-09-01,3,239,31,12.97
2010-09-01,4,239,21,8.79
2010-09-01,5,239,25,10.46
2010-09-01,6,239,33,13.81
2010-09-01,7,239,23,9.62
2010-09-01,8,239,31,12.97
2010-09-01,9,239,31,12.97
2010-09-01,10,239,29,12.13
2010-09-01,11,239,24,10.04
2010-09-01,12,239,54,22.59
2010-09-01,13,239,40,16.74
2010-09-01,14,239,40,16.74
2010-09-01,15,239,13,5.44
2010-10-01,0,375,375,100.0
2010-10-01,1,375,97,25.87
2010-10-01,2,375,55,14.67
2010-10-01,3,375,47,12.53
2010-10-01,4,375,33,8.8
2010-10-01,5,375,31,8.27
2010-10-01,6,375,49,13.07
2010-10-01,7,375,52,13.87
2010-10-01,8,375,40,10.67
2010-10-01,9,375,35,9.33
2010-10-01,10,375,40,10.67
2010-10-01,11,375,48,12.8
2010-10-01,12,375,72,19.2
2010-10-01,13,375,87,23.2
2010-10-01,14,375,26,6.93
2010-11-01,0,326,326,100.0
2010-11-01,1,326,57,17.48
2010-11-01,2,326,31,9.51
2010-11-01,3,326,31,9.51
2010-11-01,4,326,25,7.67
2010-11-01,5,326,29,8.9
2010-11-01,6,326,42,12.88
2010-11-01,7,326,33,10.12
2010-11-01,8,326,28,8.59
2010-11-01,9,326,30,9.2
2010-11-01,10,326,36,11.04
2010-11-01,11,326,48,14.72
2010-11-01,12,326,82,25.15
2010-11-01,13,326,21,6.44
2010-12-01,0,76,76,100.0
2010-12-01,1,76,7,9.21
2010-12-01,2,76,4,5.26
2010-12-01,3,76,7,9.21
2010-12-01,4,76,9,11.84
2010-12-01,5,76,5,6.58
2010-12-01,6,76,4,5.26
2010-12-01,7,76,7,9.21
2010-12-01,8,76,4,5.26
2010-12-01,9,76,2,2.63
2010-12-01,10,76,7,9.21
2010-12-01,11,76,15,19.74
2010-12-01,12,76,2,2.63
2011-01-01,0,72,72,100.0
2011-01-01,1,72,12,16.67
2011-01-01,2,72,16,22.22
2011-01-01,3,72,14,19.44
2011-01-01,4,72,16,22.22
2011-01-01,5,72,11,15.28
2011-01-01,6,72,11,15.28
2011-01-01,7,72,9,12.5
2011-01-01,8,72,8,11.11
2011-01-01,9,72,15,20.83
2011-01-01,10,72,18,25.0
2011-01-01,11,72,8,11.11
2011-02-01,0,125,125,100.0
2011-02-01,1,125,20,16.0
2011-02-01,2,125,20,16.0
2011-02-01,3,125,23,18.4
2011-02-01,4,125,27,21.6
2011-02-01,5,125,20,16.0
2011-02-01,6,125,20,16.0
2011-02-01,7,125,19,15.2
2011-02-01,8,125,19,15.2
2011-02-01,9,125,23,18.4
2011-02-01,10,125,8,6.4
2011-03-01,0,179,179,100.0
2011-03-01,1,179,32,17.88
2011-03-01,2,179,39,21.79
2011-03-01,3,179,36,20.11
2011-03-01,4,179,40,22.35
2011-03-01,5,179,27,15.08
2011-03-01,6,179,37,20.67
2011-03-01,7,179,36,20.11
2011-03-01,8,179,43,24.02
2011-03-01,9,179,17,9.5
2011-04-01,0,106,106,100.0
2011-04-01,1,106,26,24.53
2011-04-01,2,106,21,19.81
2011-04-01,3,106,21,19.81
2011-04-01,4,106,19,17.92
2011-04-01,5,106,25,23.58
2011-04-01,6,106,19,17.92
2011-04-01,7,106,27,25.47
2011-04-01,8,106,12,11.32
2011-05-01,0,111,111,100.0
2011-05-01,1,111,26,23.42
2011-05-01,2,111,27,24.32
2011-05-01,3,111,18,16.22
2011-05-01,4,111,24,21.62
2011-05-01,5,111,23,20.72
2011-05-01,6,111,29,26.13
2011-05-01,7,111,13,11.71
2011-06-01,0,108,108,100.0
2011-06-01,1,108,25,23.15
2011-06-01,2,108,23,21.3
2011-06-01,3,108,29,26.85
2011-06-01,4,108,22,20.37
2011-06-01,5,108,30,27.78
2011-06-01,6,108,9,8.33
2011-07-01,0,101,101,100.0
2011-07-01,1,101,21,20.79
2011-07-01,2,101,30,29.7
2011-07-01,3,101,28,27.72
2011-07-01,4,101,35,34.65
2011-07-01,5,101,16,15.84
2011-08-01,0,107,107,100.0
2011-08-01,1,107,28,26.17
2011-08-01,2,107,32,29.91
2011-08-01,3,107,28,26.17
2011-08-01,4,107,18,16.82
2011-09-01,0,188,188,100.0
2011-09-01,1,188,51,27.13
2011-09-01,2,188,71,37.77
2011-09-01,3,188,28,14.89
2011-10-01,0,221,221,100.0
2011-10-01,1,221,70,31.67
2011-10-01,2,221,35,15.84
2011-11-01,0,191,191,100.0
2011-11-01,1,191,27,14.14
2011-12-01,0,28,28,100.0
