cumulative_customer_pct,cumulative_revenue_pct
0.0171,3.49
0.0342,6.51
0.0513,8.25
0.0684,9.84
0.0854,11.26
0.1025,12.39
0.1196,13.39
0.1367,14.36
0.1538,15.2
0.1709,16.03
0.188,16.82
0.2051,17.49
0.2221,18.16
0.2392,18.81
0.2563,19.44
0.2734,19.97
0.2905,20.49
0.3076,21.0
0.3247,21.44
0.3418,21.88
0.3589,22.3
0.3759,22.71
0.393,23.1
0.4101,23.46
0.4272,23.83
0.4443,24.17
0.4614,24.5
0.4785,24.83
0.4956,25.15
0.5126,25.48
0.5297,25.8
0.5468,26.12
0.5639,26.42
0.581,26.72
0.5981,27.02
0.6152,27.29
0.6323,27.55
0.6494,27.81
0.6664,28.06
0.6835,28.29
0.7006,28.52
0.7177,28.75
0.7348,28.98
0.7519,29.2
0.769,29.42
0.7861,29.63
0.8031,29.84
0.8202,30.04
0.8373,30.24
0.8544,30.44
0.8715,30.63
0.8886,30.82
0.9057,31.01
0.9228,31.19
0.9398,31.38
0.9569,31.55
0.974,31.73
0.9911,31.89
1.0082,32.06
1.0253,32.22
1.0424,32.38
1.0595,32.54
1.0766,32.7
1.0936,32.86
1.1107,33.01
1.1278,33.16
1.1449,33.31
1.162,33.46
1.1791,33.61
1.1962,33.76
1.2133,33.91
1.2303,34.05
1.2474,34.2
1.2645,34.34
1.2816,34.48
1.2987,34.62
1.3158,34.75
1.3329,34.89
1.35,35.02
1.3671,35.15
1.3841,35.28
1.4012,35.41
1.4183,35.53
1.4354,35.66
1.4525,35.79
1.4696,35.92
1.4867,36.04
1.5038,36.17
1.5208,36.29
1.5379,36.42
1.555,36.54
1.5721,36.66
1.5892,36.78
1.6063,36.9
1.6234,37.02
1.6405,37.14
1.6576,37.26
1.6746,37.37
1.6917,37.49
1.7088,37.6
1.7259,37.71
1.743,37.82
1.7601,37.93
1.7772,38.04
1.7943,38.14
1.8113,38.25
1.8284,38.36
1.8455,38.46
1.8626,38.56
1.8797,38.67
1.8968,38.77
1.9139,38.87
1.931,38.97
1.9481,39.07
1.9651,39.17
1.9822,39.27
1.9993,39.37
2.0164,39.47
2.0335,39.57
2.0506,39.67
2.0677,39.77
2.0848,39.87
2.1018,39.96
2.1189,40.06
2.136,40.16
2.1531,40.25
2.1702,40.35
2.1873,40.44
2.2044,40.54
2.2215,40.63
2.2386,40.72
2.2556,40.82
2.2727,40.91
2.2898,41.0
2.3069,41.1
2.324,41.19
2.3411,41.28
2.3582,41.37
2.3753,41.47
2.3923,41.56
2.4094,41.65
2.4265,41.74
2.4436,41.83
2.4607,41.92
2.4778,42.01
2.4949,42.1
2.512,42.18
2.529,42.27
2.5461,42.35
2.5632,42.44
2.5803,42.52
2.5974,42.6
2.6145,42.69
2.6316,42.77
2.6487,42.85
2.6658,42.94
2.6828,43.02
2.6999,43.1
2.717,43.18
2.7341,43.26
2.7512,43.34
2.7683,43.42
2.7854,43.5
2.8025,43.58
2.8195,43.66
2.8366,43.74
2.8537,43.82
2.8708,43.9
2.8879,43.98
2.905,44.06
2.9221,44.13
2.9392,44.21
2.9563,44.29
2.9733,44.36
2.9904,44.44
3.0075,44.52
3.0246,44.59
3.0417,44.67
3.0588,44.74
3.0759,44.82
3.093,44.89
3.11,44.97
3.1271,45.04
3.1442,45.12
3.1613,45.19
3.1784,45.27
3.1955,45.34
3.2126,45.41
3.2297,45.49
3.2468,45.56
3.2638,45.63
3.2809,45.7
3.298,45.77
3.3151,45.85
3.3322,45.92
3.3493,45.99
3.3664,46.06
3.3835,46.13
3.4005,46.2
3.4176,46.27
3.4347,46.34
3.4518,46.41
3.4689,46.48
3.486,46.55
3.5031,46.62
3.5202,46.69
3.5373,46.76
3.5543,46.83
3.5714,46.9
3.5885,46.97
3.6056,47.04
3.6227,47.1
3.6398,47.17
3.6569,47.24
3.674,47.31
3.691,47.38
3.7081,47.44
3.7252,47.51
3.7423,47.58
3.7594,47.64
3.7765,47.71
3.7936,47.78
3.8107,47.84
3.8278,47.91
3.8448,47.97
3.8619,48.04
3.879,48.1
3.8961,48.17
3.9132,48.23
3.9303,48.29
3.9474,48.36
3.9645,48.42
3.9815,48.49
3.9986,48.55
4.0157,48.61
4.0328,48.68
4.0499,48.74
4.067,48.8
4.0841,48.86
4.1012,48.93
4.1183,48.99
4.1353,49.05
4.1524,49.11
4.1695,49.17
4.1866,49.23
4.2037,49.29
4.2208,49.35
4.2379,49.41
4.255,49.47
4.272,49.53
4.2891,49.59
4.3062,49.65
4.3233,49.71
4.3404,49.77
4.3575,49.83
4.3746,49.88
4.3917,49.94
4.4087,50.0
4.4258,50.06
4.4429,50.12
4.46,50.17
4.4771,50.23
4.4942,50.29
4.5113,50.34
4.5284,50.4
4.5455,50.46
4.5625,50.52
4.5796,50.57
4.5967,50.63
4.6138,50.69
4.6309,50.74
4.648,50.8
4.6651,50.86
4.6822,50.91
4.6992,50.97
4.7163,51.03
4.7334,51.08
4.7505,51.14
4.7676,51.19
4.7847,51.25
4.8018,51.31
4.8189,51.36
4.836,51.42
4.853,51.47
4.8701,51.53
4.8872,51.58
4.9043,51.64
4.9214,51.69
4.9385,51.75
4.9556,51.8
4.9727,51.85
4.9897,51.91
5.0068,51.96
5.0239,52.02
5.041,52.07
5.0581,52.12
5.0752,52.18
5.0923,52.23
5.1094,52.29
5.1265,52.34
5.1435,52.39
5.1606,52.45
5.1777,52.5
5.1948,52.55
5.2119,52.61
5.229,52.66
5.2461,52.71
5.2632,52.76
5.2802,52.82
5.2973,52.87
5.3144,52.92
5.3315,52.97
5.3486,53.03
5.3657,53.08
5.3828,53.13
5.3999,53.18
5.417,53.23
5.434,53.28
5.4511,53.34
5.4682,53.39
5.4853,53.44
5.5024,53.49
5.5195,53.54
5.5366,53.59
5.5537,53.64
5.5707,53.69
5.5878,53.74
5.6049,53.79
5.622,53.84
5.6391,53.89
5.6562,53.94
5.6733,53.99
5.6904,54.04
5.7075,54.09
5.7245,54.14
5.7416,54.19
5.7587,54.24
5.7758,54.29
5.7929,54.34
5.81,54.39
5.8271,54.44
5.8442,54.49
5.8612,54.53
5.8783,54.58
5.8954,54.63
5.9125,54.68
5.9296,54.73
5.9467,54.78
5.9638,54.82
5.9809,54.87
5.9979,54.92
6.015,54.97
6.0321,55.02
6.0492,55.06
6.0663,55.11
6.0834,55.16
6.1005,55.2
6.1176,55.25
6.1347,55.3
6.1517,55.35
6.1688,55.39
6.1859,55.44
6.203,55.49
6.2201,55.53
6.2372,55.58
6.2543,55.63
6.2714,55.67
6.2884,55.72
6.3055,55.76
6.3226,55.81
6.3397,55.86
6.3568,55.9
6.3739,55.95
6.391,55.99
6.4081,56.04
6.4252,56.08
6.4422,56.13
6.4593,56.17
6.4764,56.22
6.4935,56.26
6.5106,56.31
6.5277,56.35
6.5448,56.4
6.5619,56.44
6.5789,56.49
6.596,56.53
6.6131,56.57
6.6302,56.62
6.6473,56.66
6.6644,56.71
6.6815,56.75
6.6986,56.8
6.7157,56.84
6.7327,56.88
6.7498,56.93
6.7669,56.97
6.784,57.01
6.8011,57.06
6.8182,57.1
6.8353,57.14
6.8524,57.19
6.8694,57.23
6.8865,57.27
6.9036,57.31
6.9207,57.36
6.9378,57.4
6.9549,57.44
6.972,57.48
6.9891,57.52
7.0062,57.56
7.0232,57.61
7.0403,57.65
7.0574,57.69
7.0745,57.73
7.0916,57.77
7.1087,57.81
7.1258,57.85
7.1429,57.89
7.1599,57.93
7.177,57.98
7.1941,58.02
7.2112,58.06
7.2283,58.1
7.2454,58.14
7.2625,58.18
7.2796,58.22
7.2967,58.26
7.3137,58.3
7.3308,58.34
7.3479,58.38
7.365,58.42
7.3821,58.46
7.3992,58.49
7.4163,58.53
7.4334,58.57
7.4504,58.61
7.4675,58.65
7.4846,58.69
7.5017,58.73
7.5188,58.77
7.5359,58.81
7.553,58.85
7.5701,58.88
7.5871,58.92
7.6042,58.96
7.6213,59.0
7.6384,59.04
7.6555,59.08
7.6726,59.12
7.6897,59.15
7.7068,59.19
7.7239,59.23
7.7409,59.27
7.758,59.31
7.7751,59.35
7.7922,59.38
7.8093,59.42
7.8264,59.46
7.8435,59.5
7.8606,59.54
7.8776,59.58
7.8947,59.61
7.9118,59.65
7.9289,59.69
7.946,59.73
7.9631,59.76
7.9802,59.8
7.9973,59.84
8.0144,59.88
8.0314,59.91
8.0485,59.95
8.0656,59.99
8.0827,60.03
8.0998,60.06
8.1169,60.1
8.134,60.14
8.1511,60.18
8.1681,60.21
8.1852,60.25
8.2023,60.29
8.2194,60.32
8.2365,60.36
8.2536,60.4
8.2707,60.43
8.2878,60.47
8.3049,60.51
8.3219,60.54
8.339,60.58
8.3561,60.62
8.3732,60.65
8.3903,60.69
8.4074,60.73
8.4245,60.76
8.4416,60.8
8.4586,60.84
8.4757,60.87
8.4928,60.91
8.5099,60.94
8.527,60.98
8.5441,61.02
8.5612,61.05
8.5783,61.09
8.5954,61.12
8.6124,61.16
8.6295,61.19
8.6466,61.23
8.6637,61.27
8.6808,61.3
8.6979,61.34
8.715,61.37
8.7321,61.41
8.7491,61.44
8.7662,61.48
8.7833,61.51
8.8004,61.55
8.8175,61.58
8.8346,61.62
8.8517,61.65
8.8688,61.69
8.8859,61.72
8.9029,61.76
8.92,61.79
8.9371,61.82
8.9542,61.86
8.9713,61.89
8.9884,61.93
9.0055,61.96
9.0226,62.0
9.0396,62.03
9.0567,62.06
9.0738,62.1
9.0909,62.13
9.108,62.17
9.1251,62.2
9.1422,62.23
9.1593,62.27
9.1763,62.3
9.1934,62.34
9.2105,62.37
9.2276,62.4
9.2447,62.44
9.2618,62.47
9.2789,62.5
9.296,62.53
9.3131,62.57
9.3301,62.6
9.3472,62.63
9.3643,62.67
9.3814,62.7
9.3985,62.73
9.4156,62.77
9.4327,62.8
9.4498,62.83
9.4668,62.86
9.4839,62.9
9.501,62.93
9.5181,62.96
9.5352,62.99
9.5523,63.03
9.5694,63.06
9.5865,63.09
9.6036,63.12
9.6206,63.16
9.6377,63.19
9.6548,63.22
9.6719,63.25
9.689,63.29
9.7061,63.32
9.7232,63.35
9.7403,63.38
9.7573,63.41
9.7744,63.45
9.7915,63.48
9.8086,63.51
9.8257,63.54
9.8428,63.58
9.8599,63.61
9.877,63.64
9.8941,63.67
9.9111,63.7
9.9282,63.74
9.9453,63.77
9.9624,63.8
9.9795,63.83
9.9966,63.86
10.0137,63.89
10.0308,63.93
10.0478,63.96
10.0649,63.99
10.082,64.02
10.0991,64.05
10.1162,64.08
10.1333,64.11
10.1504,64.14
10.1675,64.18
10.1846,64.21
10.2016,64.24
10.2187,64.27
10.2358,64.3
10.2529,64.33
10.27,64.36
10.2871,64.39
10.3042,64.42
10.3213,64.45
10.3383,64.48
10.3554,64.51
10.3725,64.55
10.3896,64.58
10.4067,64.61
10.4238,64.64
10.4409,64.67
10.458,64.7
10.4751,64.73
10.4921,64.76
10.5092,64.79
10.5263,64.82
10.5434,64.85
10.5605,64.88
10.5776,64.91
10.5947,64.94
10.6118,64.97
10.6288,65.0
10.6459,65.03
10.663,65.06
10.6801,65.09
10.6972,65.12
10.7143,65.15
10.7314,65.18
10.7485,65.21
10.7656,65.23
10.7826,65.26
10.7997,65.29
10.8168,65.32
10.8339,65.35
10.851,65.38
10.8681,65.41
10.8852,65.44
10.9023,65.47
10.9193,65.5
10.9364,65.53
10.9535,65.56
10.9706,65.59
10.9877,65.62
11.0048,65.64
11.0219,65.67
11.039,65.7
11.056,65.73
11.0731,65.76
11.0902,65.79
11.1073,65.82
11.1244,65.85
11.1415,65.87
11.1586,65.9
11.1757,65.93
11.1928,65.96
11.2098,65.99
11.2269,66.02
11.244,66.04
11.2611,66.07
11.2782,66.1
11.2953,66.13
11.3124,66.16
11.3295,66.18
11.3465,66.21
11.3636,66.24
11.3807,66.27
11.3978,66.3
11.4149,66.32
11.432,66.35
11.4491,66.38
11.4662,66.41
11.4833,66.44
11.5003,66.46
11.5174,66.49
11.5345,66.52
11.5516,66.55
11.5687,66.57
11.5858,66.6
11.6029,66.63
11.62,66.66
11.637,66.68
11.6541,66.71
11.6712,66.74
11.6883,66.77
11.7054,66.79
11.7225,66.82
11.7396,66.85
11.7567,66.87
11.7738,66.9
11.7908,66.93
11.8079,66.95
11.825,66.98
11.8421,67.01
11.8592,67.04
11.8763,67.06
11.8934,67.09
11.9105,67.12
11.9275,67.14
11.9446,67.17
11.9617,67.2
11.9788,67.22
11.9959,67.25
12.013,67.28
12.0301,67.3
12.0472,67.33
12.0643,67.36
12.0813,67.38
12.0984,67.41
12.1155,67.43
12.1326,67.46
12.1497,67.49
12.1668,67.51
12.1839,67.54
12.201,67.57
12.218,67.59
12.2351,67.62
12.2522,67.64
12.2693,67.67
12.2864,67.7
12.3035,67.72
12.3206,67.75
12.3377,67.78
12.3548,67.8
12.3718,67.83
12.3889,67.85
12.406,67.88
12.4231,67.91
12.4402,67.93
12.4573,67.96
12.4744,67.98
12.4915,68.01
12.5085,68.03
12.5256,68.06
12.5427,68.09
12.5598,68.11
12.5769,68.14
12.594,68.16
12.6111,68.19
12.6282,68.21
12.6452,68.24
12.6623,68.26
12.6794,68.29
12.6965,68.32
12.7136,68.34
12.7307,68.37
12.7478,68.39
12.7649,68.42
12.782,68.44
12.799,68.47
12.8161,68.49
12.8332,68.52
12.8503,68.54
12.8674,68.57
12.8845,68.59
12.9016,68.62
12.9187,68.65
12.9357,68.67
12.9528,68.7
12.9699,68.72
12.987,68.75
13.0041,68.77
13.0212,68.8
13.0383,68.82
13.0554,68.85
13.0725,68.87
13.0895,68.9
13.1066,68.92
13.1237,68.95
13.1408,68.97
13.1579,69.0
13.175,69.02
13.1921,69.05
13.2092,69.07
13.2262,69.1
13.2433,69.12
13.2604,69.15
13.2775,69.17
13.2946,69.2
13.3117,69.22
13.3288,69.25
13.3459,69.27
13.363,69.29
13.38,69.32
13.3971,69.34
13.4142,69.37
13.4313,69.39
13.4484,69.42
13.4655,69.44
13.4826,69.47
13.4997,69.49
13.5167,69.52
13.5338,69.54
13.5509,69.56
13.568,69.59
13.5851,69.61
13.6022,69.64
13.6193,69.66
13.6364,69.69
13.6535,69.71
13.6705,69.73
13.6876,69.76
13.7047,69.78
13.7218,69.81
13.7389,69.83
13.756,69.85
13.7731,69.88
13.7902,69.9
13.8072,69.93
13.8243,69.95
13.8414,69.97
13.8585,70.0
13.8756,70.02
13.8927,70.05
13.9098,70.07
13.9269,70.09
13.944,70.12
13.961,70.14
13.9781,70.16
13.9952,70.19
14.0123,70.21
14.0294,70.23
14.0465,70.26
14.0636,70.28
14.0807,70.3
14.0977,70.33
14.1148,70.35
14.1319,70.37
14.149,70.4
14.1661,70.42
14.1832,70.44
14.2003,70.47
14.2174,70.49
14.2344,70.51
14.2515,70.54
14.2686,70.56
14.2857,70.58
14.3028,70.61
14.3199,70.63
14.337,70.65
14.3541,70.68
14.3712,70.7
14.3882,70.72
14.4053,70.75
14.4224,70.77
14.4395,70.79
14.4566,70.81
14.4737,70.84
14.4908,70.86
14.5079,70.88
14.5249,70.91
14.542,70.93
14.5591,70.95
14.5762,70.97
14.5933,71.0
14.6104,71.02
14.6275,71.04
14.6446,71.06
14.6617,71.09
14.6787,71.11
14.6958,71.13
14.7129,71.15
14.73,71.18
14.7471,71.2
14.7642,71.22
14.7813,71.24
14.7984,71.27
14.8154,71.29
14.8325,71.31
14.8496,71.33
14.8667,71.36
14.8838,71.38
14.9009,71.4
14.918,71.42
14.9351,71.44
14.9522,71.47
14.9692,71.49
14.9863,71.51
15.0034,71.53
15.0205,71.55
15.0376,71.58
15.0547,71.6
15.0718,71.62
15.0889,71.64
15.1059,71.66
15.123,71.69
15.1401,71.71
15.1572,71.73
15.1743,71.75
15.1914,71.77
15.2085,71.8
15.2256,71.82
15.2427,71.84
15.2597,71.86
15.2768,71.88
15.2939,71.9
15.311,71.93
15.3281,71.95
15.3452,71.97
15.3623,71.99
15.3794,72.01
15.3964,72.03
15.4135,72.06
15.4306,72.08
15.4477,72.1
15.4648,72.12
15.4819,72.14
15.499,72.16
15.5161,72.18
15.5332,72.21
15.5502,72.23
15.5673,72.25
15.5844,72.27
15.6015,72.29
15.6186,72.31
15.6357,72.33
15.6528,72.36
15.6699,72.38
15.6869,72.4
15.704,72.42
15.7211,72.44
15.7382,72.46
15.7553,72.48
15.7724,72.5
15.7895,72.53
15.8066,72.55
15.8237,72.57
15.8407,72.59
15.8578,72.61
15.8749,72.63
15.892,72.65
15.9091,72.67
15.9262,72.69
15.9433,72.71
15.9604,72.73
15.9774,72.76
15.9945,72.78
16.0116,72.8
16.0287,72.82
16.0458,72.84
16.0629,72.86
16.08,72.88
16.0971,72.9
16.1141,72.92
16.1312,72.94
16.1483,72.96
16.1654,72.98
16.1825,73.0
16.1996,73.03
16.2167,73.05
16.2338,73.07
16.2509,73.09
16.2679,73.11
16.285,73.13
16.3021,73.15
16.3192,73.17
16.3363,73.19
16.3534,73.21
16.3705,73.23
16.3876,73.25
16.4046,73.27
16.4217,73.29
16.4388,73.31
16.4559,73.33
16.473,73.35
16.4901,73.37
16.5072,73.39
16.5243,73.41
16.5414,73.43
16.5584,73.45
16.5755,73.47
16.5926,73.49
16.6097,73.51
16.6268,73.53
16.6439,73.55
16.661,73.57
16.6781,73.59
16.6951,73.61
16.7122,73.63
16.7293,73.65
16.7464,73.67
16.7635,73.69
16.7806,73.71
16.7977,73.73
16.8148,73.75
16.8319,73.77
16.8489,73.79
16.866,73.81
16.8831,73.83
16.9002,73.85
16.9173,73.87
16.9344,73.89
16.9515,73.91
16.9686,73.93
16.9856,73.95
17.0027,73.97
17.0027,73.99
17.0369,74.01
17.054,74.03
17.0711,74.05
17.0882,74.07
17.1053,74.09
17.1224,74.11
17.1394,74.13
17.1565,74.15
17.1736,74.17
17.1907,74.18
17.2078,74.2
17.2249,74.22
17.242,74.24
17.2591,74.26
17.2761,74.28
17.2932,74.3
17.3103,74.32
17.3274,74.34
17.3445,74.36
17.3616,74.38
17.3787,74.4
17.3958,74.42
17.4129,74.44
17.4299,74.46
17.447,74.47
17.4641,74.49
17.4812,74.51
17.4983,74.53
17.5154,74.55
17.5325,74.57
17.5496,74.59
17.5666,74.61
17.5837,74.63
17.6008,74.65
17.6179,74.67
17.635,74.69
17.6521,74.7
17.6692,74.72
17.6863,74.74
17.7033,74.76
17.7204,74.78
17.7375,74.8
17.7546,74.82
17.7717,74.84
17.7888,74.86
17.8059,74.88
17.823,74.89
17.8401,74.91
17.8571,74.93
17.8742,74.95
17.8913,74.97
17.9084,74.99
17.9255,75.01
17.9426,75.03
17.9597,75.04
17.9768,75.06
17.9938,75.08
18.0109,75.1
18.028,75.12
18.0451,75.14
18.0622,75.16
18.0793,75.17
18.0964,75.19
18.1135,75.21
18.1306,75.23
18.1476,75.25
18.1647,75.27
18.1818,75.29
18.1989,75.3
18.216,75.32
18.2331,75.34
18.2502,75.36
18.2673,75.38
18.2843,75.4
18.3014,75.41
18.3185,75.43
18.3356,75.45
18.3527,75.47
18.3698,75.49
18.3869,75.51
18.404,75.52
18.4211,75.54
18.4381,75.56
18.4552,75.58
18.4723,75.6
18.4894,75.62
18.5065,75.63
18.5236,75.65
18.5407,75.67
18.5578,75.69
18.5748,75.71
18.5919,75.72
18.609,75.74
18.6261,75.76
18.6432,75.78
18.6603,75.8
18.6774,75.81
18.6945,75.83
18.7116,75.85
18.7286,75.87
18.7457,75.89
18.7628,75.91
18.7799,75.92
18.797,75.94
18.8141,75.96
18.8312,75.98
18.8483,75.99
18.8653,76.01
18.8824,76.03
18.8995,76.05
18.9166,76.07
18.9337,76.08
18.9508,76.1
18.9679,76.12
18.985,76.14
19.0021,76.16
19.0191,76.17
19.0362,76.19
19.0533,76.21
19.0704,76.23
19.0875,76.24
19.1046,76.26
19.1217,76.28
19.1388,76.3
19.1558,76.32
19.1729,76.33
19.19,76.35
19.2071,76.37
19.2242,76.39
19.2413,76.4
19.2584,76.42
19.2755,76.44
19.2925,76.46
19.3096,76.47
19.3267,76.49
19.3438,76.51
19.3609,76.53
19.378,76.54
19.3951,76.56
19.4122,76.58
19.4293,76.6
19.4463,76.61
19.4634,76.63
19.4805,76.65
19.4976,76.67
19.5147,76.68
19.5318,76.7
19.5489,76.72
19.566,76.74
19.583,76.75
19.6001,76.77
19.6172,76.79
19.6343,76.8
19.6514,76.82
19.6685,76.84
19.6856,76.86
19.7027,76.87
19.7198,76.89
19.7368,76.91
19.7539,76.93
19.771,76.94
19.7881,76.96
19.8052,76.98
19.8223,76.99
19.8394,77.01
19.8565,77.03
19.8735,77.04
19.8906,77.06
19.9077,77.08
19.9248,77.1
19.9419,77.11
19.959,77.13
19.9761,77.15
19.9932,77.16
20.0103,77.18
20.0273,77.2
20.0444,77.21
20.0615,77.23
20.0786,77.25
20.0957,77.27
20.1128,77.28
20.1299,77.3
20.147,77.32
20.164,77.33
20.1811,77.35
20.1982,77.37
20.2153,77.38
20.2324,77.4
20.2495,77.42
20.2666,77.43
20.2837,77.45
20.3008,77.47
20.3178,77.48
20.3349,77.5
20.352,77.52
20.3691,77.53
20.3862,77.55
20.4033,77.57
20.4204,77.58
20.4375,77.6
20.4545,77.62
20.4716,77.63
20.4887,77.65
20.5058,77.66
20.5229,77.68
20.54,77.7
20.5571,77.71
20.5742,77.73
20.5913,77.75
20.6083,77.76
20.6254,77.78
20.6425,77.8
20.6596,77.81
20.6767,77.83
20.6938,77.85
20.7109,77.86
20.728,77.88
20.745,77.89
20.7621,77.91
20.7792,77.93
20.7963,77.94
20.8134,77.96
20.8305,77.98
20.8476,77.99
20.8647,78.01
20.8817,78.02
20.8988,78.04
20.9159,78.06
20.933,78.07
20.9501,78.09
20.9672,78.1
20.9843,78.12
21.0014,78.14
21.0185,78.15
21.0355,78.17
21.0526,78.19
21.0697,78.2
21.0868,78.22
21.1039,78.23
21.121,78.25
21.1381,78.27
21.1552,78.28
21.1722,78.3
21.1893,78.31
21.2064,78.33
21.2235,78.34
21.2406,78.36
21.2577,78.38
21.2748,78.39
21.2919,78.41
21.309,78.42
21.326,78.44
21.3431,78.46
21.3602,78.47
21.3773,78.49
21.3944,78.5
21.4115,78.52
21.4286,78.54
21.4457,78.55
21.4627,78.57
21.4798,78.58
21.4969,78.6
21.514,78.61
21.5311,78.63
21.5482,78.65
21.5653,78.66
21.5824,78.68
21.5995,78.69
21.6165,78.71
21.6336,78.72
21.6507,78.74
21.6678,78.75
21.6849,78.77
21.702,78.79
21.7191,78.8
21.7362,78.82
21.7532,78.83
21.7703,78.85
21.7874,78.86
21.8045,78.88
21.8216,78.89
21.8387,78.91
21.8558,78.92
21.8729,78.94
21.89,78.95
21.907,78.97
21.9241,78.98
21.9412,79.0
21.9583,79.02
21.9754,79.03
21.9925,79.05
22.0096,79.06
22.0267,79.08
22.0437,79.09
22.0608,79.11
22.0779,79.12
22.095,79.14
22.1121,79.15
22.1292,79.17
22.1463,79.18
22.1634,79.2
22.1805,79.21
22.1975,79.23
22.2146,79.24
22.2317,79.26
22.2488,79.27
22.2659,79.29
22.283,79.3
22.3001,79.32
22.3172,79.33
22.3342,79.35
22.3513,79.36
22.3684,79.38
22.3855,79.39
22.4026,79.41
22.4197,79.42
22.4368,79.43
22.4539,79.45
22.471,79.46
22.488,79.48
22.5051,79.49
22.5222,79.51
22.5393,79.52
22.5564,79.54
22.5735,79.55
22.5906,79.57
22.6077,79.58
22.6247,79.6
22.6418,79.61
22.6589,79.63
22.676,79.64
22.6931,79.66
22.7102,79.67
22.7273,79.69
22.7444,79.7
22.7614,79.72
22.7785,79.73
22.7956,79.74
22.8127,79.76
22.8298,79.77
22.8469,79.79
22.864,79.8
22.8811,79.82
22.8982,79.83
22.9152,79.85
22.9323,79.86
22.9494,79.88
22.9665,79.89
22.9836,79.91
23.0007,79.92
23.0178,79.93
23.0349,79.95
23.0519,79.96
23.069,79.98
23.0861,79.99
23.1032,80.01
23.1203,80.02
23.1374,80.03
23.1545,80.05
23.1716,80.06
23.1887,80.08
23.2057,80.09
23.2228,80.11
23.2399,80.12
23.257,80.14
23.2741,80.15
23.2912,80.16
23.3083,80.18
23.3254,80.19
23.3424,80.21
23.3595,80.22
23.3766,80.23
23.3937,80.25
23.4108,80.26
23.4279,80.28
23.445,80.29
23.4621,80.31
23.4792,80.32
23.4962,80.33
23.5133,80.35
23.5304,80.36
23.5475,80.38
23.5646,80.39
23.5817,80.4
23.5988,80.42
23.6159,80.43
23.6329,80.45
23.65,80.46
23.6671,80.47
23.6842,80.49
23.7013,80.5
23.7184,80.52
23.7355,80.53
23.7526,80.54
23.7697,80.56
23.7867,80.57
23.8038,80.59
23.8209,80.6
23.838,80.61
23.8551,80.63
23.8722,80.64
23.8893,80.66
23.9064,80.67
23.9234,80.68
23.9405,80.7
23.9576,80.71
23.9747,80.72
23.9918,80.74
24.0089,80.75
24.026,80.77
24.0431,80.78
24.0602,80.79
24.0772,80.81
24.0943,80.82
24.1114,80.83
24.1285,80.85
24.1456,80.86
24.1627,80.88
24.1798,80.89
24.1969,80.9
24.2139,80.92
24.231,80.93
24.2481,80.94
24.2652,80.96
24.2823,80.97
24.2994,80.98
24.3165,81.0
24.3336,81.01
24.3506,81.03
24.3677,81.04
24.3848,81.05
24.4019,81.07
24.419,81.08
24.4361,81.09
24.4532,81.11
24.4703,81.12
24.4874,81.13
24.5044,81.15
24.5215,81.16
24.5386,81.17
24.5557,81.19
24.5728,81.2
24.5899,81.21
24.607,81.23
24.6241,81.24
24.6411,81.25
24.6582,81.27
24.6753,81.28
24.6924,81.29
24.7095,81.31
24.7266,81.32
24.7437,81.33
24.7608,81.35
24.7779,81.36
24.7949,81.37
24.812,81.39
24.8291,81.4
24.8462,81.41
24.8633,81.43
24.8804,81.44
24.8975,81.45
24.9146,81.47
24.9316,81.48
24.9487,81.49
24.9658,81.51
24.9829,81.52
25.0,81.53
25.0171,81.54
25.0342,81.56
25.0513,81.57
25.0684,81.58
25.0854,81.6
25.1025,81.61
25.1196,81.62
25.1367,81.64
25.1538,81.65
25.1709,81.66
25.188,81.68
25.2051,81.69
25.2221,81.7
25.2392,81.71
25.2563,81.73
25.2734,81.74
25.2905,81.75
25.3076,81.77
25.3247,81.78
25.3418,81.79
25.3589,81.8
25.3759,81.82
25.393,81.83
25.4101,81.84
25.4272,81.86
25.4443,81.87
25.4614,81.88
25.4785,81.89
25.4956,81.91
25.5126,81.92
25.5297,81.93
25.5468,81.95
25.5639,81.96
25.581,81.97
25.5981,81.98
25.6152,82.0
25.6323,82.01
25.6494,82.02
25.6664,82.04
25.6835,82.05
25.7006,82.06
25.7177,82.07
25.7348,82.09
25.7519,82.1
25.769,82.11
25.7861,82.12
25.8031,82.14
25.8202,82.15
25.8373,82.16
25.8544,82.18
25.8715,82.19
25.8886,82.2
25.9057,82.21
25.9228,82.23
25.9398,82.24
25.9569,82.25
25.974,82.26
25.9911,82.28
26.0082,82.29
26.0253,82.3
26.0424,82.31
26.0595,82.33
26.0766,82.34
26.0936,82.35
26.1107,82.36
26.1278,82.38
26.1449,82.39
26.162,82.4
26.1791,82.41
26.1962,82.42
26.2133,82.44
26.2303,82.45
26.2474,82.46
26.2645,82.47
26.2816,82.49
26.2987,82.5
26.3158,82.51
26.3329,82.52
26.35,82.54
26.3671,82.55
26.3841,82.56
26.4012,82.57
26.4183,82.58
26.4354,82.6
26.4525,82.61
26.4696,82.62
26.4867,82.63
26.5038,82.65
26.5208,82.66
26.5379,82.67
26.555,82.68
26.5721,82.69
26.5892,82.71
26.6063,82.72
26.6234,82.73
26.6405,82.74
26.6576,82.76
26.6746,82.77
26.6917,82.78
26.7088,82.79
26.7259,82.8
26.743,82.82
26.7601,82.83
26.7772,82.84
26.7943,82.85
26.8113,82.86
26.8284,82.88
26.8455,82.89
26.8626,82.9
26.8797,82.91
26.8968,82.92
26.9139,82.94
26.931,82.95
26.9481,82.96
26.9651,82.97
26.9822,82.98
26.9993,83.0
27.0164,83.01
27.0335,83.02
27.0506,83.03
27.0677,83.04
27.0848,83.06
27.1018,83.07
27.1189,83.08
27.136,83.09
27.1531,83.1
27.1702,83.11
27.1873,83.13
27.2044,83.14
27.2215,83.15
27.2386,83.16
27.2556,83.17
27.2727,83.19
27.2898,83.2
27.3069,83.21
27.324,83.22
27.3411,83.23
27.3582,83.24
27.3753,83.26
27.3923,83.27
27.4094,83.28
27.4265,83.29
27.4436,83.3
27.4607,83.32
27.4778,83.33
27.4949,83.34
27.512,83.35
27.529,83.36
27.5461,83.37
27.5632,83.39
27.5803,83.4
27.5974,83.41
27.6145,83.42
27.6316,83.43
27.6487,83.44
27.6658,83.46
27.6828,83.47
27.6999,83.48
27.717,83.49
27.7341,83.5
27.7512,83.51
27.7683,83.53
27.7854,83.54
27.8025,83.55
27.8195,83.56
27.8366,83.57
27.8537,83.58
27.8708,83.59
27.8879,83.61
27.905,83.62
27.9221,83.63
27.9392,83.64
27.9563,83.65
27.9733,83.66
27.9904,83.68
28.0075,83.69
28.0246,83.7
28.0417,83.71
28.0588,83.72
28.0759,83.73
28.093,83.74
28.11,83.76
28.1271,83.77
28.1442,83.78
28.1613,83.79
28.1784,83.8
28.1955,83.81
28.2126,83.82
28.2297,83.84
28.2468,83.85
28.2638,83.86
28.2809,83.87
28.298,83.88
28.3151,83.89
28.3322,83.9
28.3493,83.91
28.3664,83.93
28.3835,83.94
28.4005,83.95
28.4176,83.96
28.4347,83.97
28.4518,83.98
28.4689,83.99
28.486,84.0
28.5031,84.02
28.5202,84.03
28.5373,84.04
28.5543,84.05
28.5714,84.06
28.5885,84.07
28.6056,84.08
28.6227,84.09
28.6398,84.1
28.6569,84.12
28.674,84.13
28.691,84.14
28.7081,84.15
28.7252,84.16
28.7423,84.17
28.7594,84.18
28.7765,84.19
28.7936,84.2
28.8107,84.22
28.8278,84.23
28.8448,84.24
28.8619,84.25
28.879,84.26
28.8961,84.27
28.9132,84.28
28.9303,84.29
28.9474,84.3
28.9645,84.31
28.9815,84.33
28.9986,84.34
29.0157,84.35
29.0328,84.36
29.0499,84.37
29.067,84.38
29.0841,84.39
29.1012,84.4
29.1183,84.41
29.1353,84.42
29.1524,84.44
29.1695,84.45
29.1866,84.46
29.2037,84.47
29.2208,84.48
29.2379,84.49
29.255,84.5
29.272,84.51
29.2891,84.52
29.3062,84.53
29.3233,84.54
29.3404,84.55
29.3575,84.57
29.3746,84.58
29.3917,84.59
29.4087,84.6
29.4258,84.61
29.4429,84.62
29.46,84.63
29.4771,84.64
29.4942,84.65
29.5113,84.66
29.5284,84.67
29.5455,84.68
29.5625,84.69
29.5796,84.71
29.5967,84.72
29.6138,84.73
29.6309,84.74
29.648,84.75
29.6651,84.76
29.6822,84.77
29.6992,84.78
29.7163,84.79
29.7334,84.8
29.7505,84.81
29.7676,84.82
29.7847,84.83
29.8018,84.84
29.8189,84.85
29.836,84.86
29.853,84.87
29.8701,84.88
29.8872,84.9
29.9043,84.91
29.9214,84.92
29.9385,84.93
29.9556,84.94
29.9727,84.95
29.9897,84.96
30.0068,84.97
30.0239,84.98
30.041,84.99
30.0581,85.0
30.0752,85.01
30.0923,85.02
30.1094,85.03
30.1265,85.04
30.1435,85.05
30.1606,85.06
30.1777,85.07
30.1948,85.08
30.2119,85.09
30.229,85.1
30.2461,85.12
30.2632,85.13
30.2802,85.14
30.2973,85.15
30.3144,85.16
30.3315,85.17
30.3486,85.18
30.3657,85.19
30.3828,85.2
30.3999,85.21
30.417,85.22
30.434,85.23
30.4511,85.24
30.4682,85.25
30.4853,85.26
30.5024,85.27
30.5195,85.28
30.5366,85.29
30.5537,85.3
30.5707,85.31
30.5878,85.32
30.6049,85.33
30.622,85.34
30.6391,85.35
30.6562,85.36
30.6733,85.37
30.6904,85.38
30.7075,85.39
30.7245,85.4
30.7416,85.41
30.7587,85.42
30.7758,85.43
30.7929,85.44
30.81,85.45
30.8271,85.46
30.8442,85.48
30.8612,85.49
30.8783,85.5
30.8954,85.51
30.9125,85.52
30.9296,85.53
30.9467,85.54
30.9638,85.55
30.9809,85.56
30.9979,85.57
31.015,85.58
31.0321,85.59
31.0492,85.6
31.0663,85.61
31.0834,85.62
31.1005,85.63
31.1176,85.64
31.1347,85.65
31.1517,85.66
31.1688,85.67
31.1859,85.68
31.203,85.69
31.2201,85.7
31.2372,85.71
31.2543,85.72
31.2714,85.73
31.2884,85.74
31.3055,85.75
31.3226,85.76
31.3397,85.77
31.3568,85.78
31.3739,85.79
31.391,85.8
31.4081,85.81
31.4252,85.82
31.4422,85.83
31.4593,85.84
31.4764,85.85
31.4935,85.86
31.5106,85.87
31.5277,85.88
31.5448,85.89
31.5619,85.9
31.5789,85.91
31.596,85.92
31.6131,85.93
31.6302,85.94
31.6473,85.94
31.6644,85.95
31.6815,85.96
31.6986,85.97
31.7157,85.98
31.7327,85.99
31.7498,86.0
31.7669,86.01
31.784,86.02
31.8011,86.03
31.8182,86.04
31.8353,86.05
31.8524,86.06
31.8694,86.07
31.8865,86.08
31.9036,86.09
31.9207,86.1
31.9378,86.11
31.9549,86.12
31.972,86.13
31.9891,86.14
32.0062,86.15
32.0232,86.16
32.0403,86.17
32.0574,86.18
32.0745,86.19
32.0916,86.2
32.1087,86.21
32.1258,86.22
32.1429,86.23
32.1599,86.24
32.177,86.25
32.1941,86.26
32.2112,86.27
32.2283,86.28
32.2454,86.29
32.2625,86.3
32.2796,86.31
32.2967,86.32
32.3137,86.32
32.3308,86.33
32.3479,86.34
32.365,86.35
32.3821,86.36
32.3992,86.37
32.4163,86.38
32.4334,86.39
32.4504,86.4
32.4675,86.41
32.4846,86.42
32.5017,86.43
32.5188,86.44
32.5359,86.45
32.553,86.46
32.5701,86.47
32.5871,86.48
32.6042,86.49
32.6213,86.5
32.6384,86.51
32.6555,86.52
32.6726,86.53
32.6897,86.54
32.7068,86.54
32.7239,86.55
32.7409,86.56
32.758,86.57
32.7751,86.58
32.7922,86.59
32.8093,86.6
32.8264,86.61
32.8435,86.62
32.8606,86.63
32.8776,86.64
32.8947,86.65
32.9118,86.66
32.9289,86.67
32.946,86.68
32.9631,86.69
32.9802,86.69
32.9973,86.7
33.0144,86.71
33.0314,86.72
33.0485,86.73
33.0656,86.74
33.0827,86.75
33.0998,86.76
33.1169,86.77
33.134,86.78
33.1511,86.79
33.1681,86.8
33.1852,86.81
33.2023,86.82
33.2194,86.82
33.2365,86.83
33.2536,86.84
33.2707,86.85
33.2878,86.86
33.3049,86.87
33.3219,86.88
33.339,86.89
33.3561,86.9
33.3732,86.91
33.3903,86.92
33.4074,86.93
33.4245,86.94
33.4416,86.94
33.4586,86.95
33.4757,86.96
33.4928,86.97
33.5099,86.98
33.527,86.99
33.5441,87.0
33.5612,87.01
33.5783,87.02
33.5954,87.03
33.6124,87.04
33.6295,87.05
33.6466,87.05
33.6637,87.06
33.6808,87.07
33.6979,87.08
33.715,87.09
33.7321,87.1
33.7491,87.11
33.7662,87.12
33.7833,87.13
33.8004,87.14
33.8175,87.15
33.8346,87.15
33.8517,87.16
33.8688,87.17
33.8859,87.18
33.9029,87.19
33.92,87.2
33.9371,87.21
33.9542,87.22
33.9713,87.23
33.9884,87.24
34.0055,87.24
34.0226,87.25
34.0396,87.26
34.0567,87.27
34.0738,87.28
34.0909,87.29
34.108,87.3
34.1251,87.31
34.1422,87.32
34.1593,87.32
34.1763,87.33
34.1934,87.34
34.2105,87.35
34.2276,87.36
34.2447,87.37
34.2618,87.38
34.2789,87.39
34.296,87.4
34.3131,87.4
34.3301,87.41
34.3301,87.42
34.3643,87.43
34.3814,87.44
34.3985,87.45
34.4156,87.46
34.4327,87.47
34.4498,87.48
34.4668,87.48
34.4839,87.49
34.501,87.5
34.5181,87.51
34.5352,87.52
34.5523,87.53
34.5694,87.54
34.5865,87.55
34.6036,87.55
34.6206,87.56
34.6377,87.57
34.6548,87.58
34.6719,87.59
34.689,87.6
34.7061,87.61
34.7232,87.61
34.7403,87.62
34.7573,87.63
34.7744,87.64
34.7915,87.65
34.8086,87.66
34.8257,87.67
34.8428,87.68
34.8599,87.68
34.877,87.69
34.8941,87.7
34.9111,87.71
34.9282,87.72
34.9453,87.73
34.9624,87.74
34.9795,87.74
34.9966,87.75
35.0137,87.76
35.0308,87.77
35.0478,87.78
35.0649,87.79
35.082,87.8
35.0991,87.8
35.1162,87.81
35.1333,87.82
35.1504,87.83
35.1675,87.84
35.1846,87.85
35.2016,87.86
35.2187,87.86
35.2358,87.87
35.2529,87.88
35.27,87.89
35.2871,87.9
35.3042,87.91
35.3213,87.92
35.3383,87.92
35.3554,87.93
35.3725,87.94
35.3896,87.95
35.4067,87.96
35.4238,87.97
35.4409,87.97
35.458,87.98
35.4751,87.99
35.4921,88.0
35.5092,88.01
35.5263,88.02
35.5434,88.02
35.5605,88.03
35.5776,88.04
35.5947,88.05
35.6118,88.06
35.6288,88.07
35.6459,88.07
35.663,88.08
35.6801,88.09
35.6972,88.1
35.7143,88.11
35.7314,88.12
35.7485,88.12
35.7656,88.13
35.7826,88.14
35.7997,88.15
35.8168,88.16
35.8339,88.17
35.851,88.17
35.8681,88.18
35.8852,88.19
35.9023,88.2
35.9193,88.21
35.9364,88.22
35.9535,88.22
35.9706,88.23
35.9877,88.24
36.0048,88.25
36.0219,88.26
36.039,88.26
36.056,88.27
36.0731,88.28
36.0902,88.29
36.1073,88.3
36.1244,88.31
36.1415,88.31
36.1586,88.32
36.1757,88.33
36.1928,88.34
36.2098,88.35
36.2269,88.35
36.244,88.36
36.2611,88.37
36.2782,88.38
36.2953,88.39
36.3124,88.4
36.3295,88.4
36.3465,88.41
36.3636,88.42
36.3807,88.43
36.3978,88.44
36.4149,88.44
36.432,88.45
36.4491,88.46
36.4662,88.47
36.4833,88.48
36.5003,88.48
36.5174,88.49
36.5345,88.5
36.5516,88.51
36.5687,88.52
36.5858,88.52
36.6029,88.53
36.62,88.54
36.637,88.55
36.6541,88.56
36.6712,88.57
36.6883,88.57
36.7054,88.58
36.7225,88.59
36.7396,88.6
36.7567,88.61
36.7738,88.61
36.7908,88.62
36.8079,88.63
36.825,88.64
36.8421,88.64
36.8592,88.65
36.8763,88.66
36.8934,88.67
36.9105,88.68
36.9275,88.68
36.9446,88.69
36.9617,88.7
36.9788,88.71
36.9959,88.72
37.013,88.72
37.0301,88.73
37.0472,88.74
37.0643,88.75
37.0813,88.76
37.0984,88.76
37.1155,88.77
37.1326,88.78
37.1497,88.79
37.1668,88.8
37.1839,88.8
37.201,88.81
37.218,88.82
37.2351,88.83
37.2522,88.83
37.2693,88.84
37.2864,88.85
37.3035,88.86
37.3206,88.87
37.3377,88.87
37.3548,88.88
37.3718,88.89
37.3889,88.9
37.406,88.9
37.4231,88.91
37.4402,88.92
37.4573,88.93
37.4744,88.94
37.4915,88.94
37.5085,88.95
37.5256,88.96
37.5427,88.97
37.5598,88.97
37.5769,88.98
37.594,88.99
37.6111,89.0
37.6282,89.01
37.6452,89.01
37.6623,89.02
37.6794,89.03
37.6965,89.04
37.7136,89.04
37.7307,89.05
37.7478,89.06
37.7649,89.07
37.782,89.07
37.799,89.08
37.8161,89.09
37.8332,89.1
37.8503,89.1
37.8674,89.11
37.8845,89.12
37.9016,89.13
37.9187,89.14
37.9357,89.14
37.9528,89.15
37.9699,89.16
37.987,89.17
38.0041,89.17
38.0212,89.18
38.0383,89.19
38.0554,89.2
38.0725,89.2
38.0895,89.21
38.1066,89.22
38.1237,89.23
38.1408,89.23
38.1579,89.24
38.175,89.25
38.1921,89.26
38.2092,89.26
38.2092,89.27
38.2433,89.28
38.2604,89.29
38.2775,89.29
38.2946,89.3
38.3117,89.31
38.3288,89.32
38.3459,89.32
38.363,89.33
38.38,89.34
38.3971,89.35
38.4142,89.35
38.4313,89.36
38.4484,89.37
38.4655,89.38
38.4826,89.38
38.4997,89.39
38.5167,89.4
38.5338,89.41
38.5509,89.41
38.568,89.42
38.5851,89.43
38.6022,89.43
38.6193,89.44
38.6364,89.45
38.6535,89.46
38.6705,89.46
38.6876,89.47
38.7047,89.48
38.7218,89.49
38.7389,89.49
38.756,89.5
38.7731,89.51
38.7902,89.52
38.8072,89.52
38.8243,89.53
38.8414,89.54
38.8585,89.55
38.8756,89.55
38.8927,89.56
38.9098,89.57
38.9269,89.57
38.944,89.58
38.961,89.59
38.9781,89.6
38.9952,89.6
39.0123,89.61
39.0294,89.62
39.0465,89.63
39.0636,89.63
39.0807,89.64
39.0977,89.65
39.0977,89.66
39.1319,89.66
39.149,89.67
39.1661,89.68
39.1832,89.68
39.2003,89.69
39.2174,89.7
39.2344,89.71
39.2515,89.71
39.2686,89.72
39.2857,89.73
39.3028,89.74
39.3199,89.74
39.337,89.75
39.3541,89.76
39.3712,89.76
39.3882,89.77
39.4053,89.78
39.4224,89.79
39.4395,89.79
39.4566,89.8
39.4737,89.81
39.4908,89.81
39.5079,89.82
39.5249,89.83
39.542,89.84
39.5591,89.84
39.5762,89.85
39.5933,89.86
39.6104,89.87
39.6275,89.87
39.6446,89.88
39.6617,89.89
39.6787,89.89
39.6958,89.9
39.7129,89.91
39.73,89.92
39.7471,89.92
39.7642,89.93
39.7813,89.94
39.7984,89.94
39.8154,89.95
39.8325,89.96
39.8496,89.97
39.8667,89.97
39.8838,89.98
39.9009,89.99
39.918,89.99
39.9351,90.0
39.9522,90.01
39.9692,90.01
39.9863,90.02
40.0034,90.03
40.0205,90.04
40.0376,90.04
40.0547,90.05
40.0718,90.06
40.0889,90.06
40.1059,90.07
40.123,90.08
40.1401,90.09
40.1572,90.09
40.1743,90.1
40.1914,90.11
40.2085,90.11
40.2256,90.12
40.2427,90.13
40.2597,90.13
40.2768,90.14
40.2939,90.15
40.311,90.16
40.3281,90.16
40.3452,90.17
40.3623,90.18
40.3794,90.18
40.3964,90.19
40.4135,90.2
40.4306,90.2
40.4477,90.21
40.4648,90.22
40.4819,90.22
40.499,90.23
40.5161,90.24
40.5332,90.25
40.5502,90.25
40.5673,90.26
40.5844,90.27
40.6015,90.27
40.6186,90.28
40.6357,90.29
40.6528,90.29
40.6699,90.3
40.6869,90.31
40.704,90.31
40.7211,90.32
40.7382,90.33
40.7553,90.34
40.7724,90.34
40.7895,90.35
40.8066,90.36
40.8237,90.36
40.8407,90.37
40.8578,90.38
40.8749,90.38
40.892,90.39
40.9091,90.4
40.9262,90.4
40.9433,90.41
40.9604,90.42
40.9774,90.42
40.9945,90.43
41.0116,90.44
41.0287,90.45
41.0458,90.45
41.0629,90.46
41.08,90.47
41.0971,90.47
41.1141,90.48
41.1312,90.49
41.1483,90.49
41.1654,90.5
41.1825,90.51
41.1996,90.51
41.2167,90.52
41.2338,90.53
41.2509,90.53
41.2679,90.54
41.285,90.55
41.3021,90.55
41.3192,90.56
41.3363,90.57
41.3534,90.57
41.3705,90.58
41.3876,90.59
41.4046,90.59
41.4217,90.6
41.4388,90.61
41.4559,90.62
41.473,90.62
41.4901,90.63
41.5072,90.64
41.5243,90.64
41.5414,90.65
41.5584,90.66
41.5755,90.66
41.5926,90.67
41.6097,90.68
41.6268,90.68
41.6439,90.69
41.661,90.7
41.6781,90.7
41.6951,90.71
41.7122,90.72
41.7293,90.72
41.7464,90.73
41.7635,90.74
41.7806,90.74
41.7977,90.75
41.8148,90.76
41.8319,90.76
41.8489,90.77
41.866,90.78
41.8831,90.78
41.9002,90.79
41.9173,90.8
41.9344,90.8
41.9515,90.81
41.9686,90.82
41.9856,90.82
42.0027,90.83
42.0198,90.84
42.0369,90.84
42.054,90.85
42.0711,90.85
42.0882,90.86
42.1053,90.87
42.1224,90.87
42.1394,90.88
42.1565,90.89
42.1736,90.89
42.1907,90.9
42.2078,90.91
42.2249,90.91
42.242,90.92
42.2591,90.93
42.2761,90.93
42.2932,90.94
42.3103,90.95
42.3274,90.95
42.3445,90.96
42.3616,90.97
42.3787,90.97
42.3958,90.98
42.4129,90.99
42.4299,90.99
42.447,91.0
42.4641,91.01
42.4812,91.01
42.4983,91.02
42.5154,91.02
42.5325,91.03
42.5496,91.04
42.5666,91.04
42.5837,91.05
42.6008,91.06
42.6179,91.06
42.635,91.07
42.6521,91.08
42.6692,91.08
42.6863,91.09
42.7033,91.1
42.7204,91.1
42.7375,91.11
42.7546,91.11
42.7717,91.12
42.7888,91.13
42.8059,91.13
42.823,91.14
42.8401,91.15
42.8571,91.15
42.8742,91.16
42.8913,91.17
42.9084,91.17
42.9255,91.18
42.9426,91.19
42.9597,91.19
42.9768,91.2
42.9938,91.2
43.0109,91.21
43.028,91.22
43.0451,91.22
43.0622,91.23
43.0793,91.24
43.0964,91.24
43.1135,91.25
43.1306,91.26
43.1476,91.26
43.1647,91.27
43.1818,91.27
43.1989,91.28
43.216,91.29
43.2331,91.29
43.2502,91.3
43.2673,91.31
43.2843,91.31
43.3014,91.32
43.3185,91.32
43.3356,91.33
43.3527,91.34
43.3698,91.34
43.3869,91.35
43.404,91.36
43.4211,91.36
43.4381,91.37
43.4552,91.37
43.4723,91.38
43.4894,91.39
43.5065,91.39
43.5236,91.4
43.5407,91.41
43.5578,91.41
43.5748,91.42
43.5919,91.42
43.609,91.43
43.6261,91.44
43.6432,91.44
43.6603,91.45
43.6774,91.46
43.6945,91.46
43.7116,91.47
43.7286,91.47
43.7457,91.48
43.7628,91.49
43.7799,91.49
43.797,91.5
43.8141,91.51
43.8312,91.51
43.8483,91.52
43.8653,91.52
43.8824,91.53
43.8995,91.54
43.9166,91.54
43.9337,91.55
43.9508,91.56
43.9679,91.56
43.985,91.57
44.0021,91.57
44.0191,91.58
44.0362,91.59
44.0533,91.59
44.0704,91.6
44.0875,91.6
44.1046,91.61
44.1217,91.62
44.1388,91.62
44.1558,91.63
44.1729,91.64
44.19,91.64
44.2071,91.65
44.2242,91.65
44.2413,91.66
44.2584,91.67
44.2755,91.67
44.2925,91.68
44.3096,91.68
44.3267,91.69
44.3438,91.7
44.3609,91.7
44.378,91.71
44.3951,91.71
44.4122,91.72
44.4293,91.73
44.4463,91.73
44.4634,91.74
44.4805,91.74
44.4976,91.75
44.5147,91.76
44.5318,91.76
44.5489,91.77
44.566,91.78
44.583,91.78
44.6001,91.79
44.6172,91.79
44.6343,91.8
44.6514,91.81
44.6685,91.81
44.6856,91.82
44.7027,91.82
44.7198,91.83
44.7368,91.84
44.7539,91.84
44.771,91.85
44.7881,91.85
44.8052,91.86
44.8223,91.87
44.8394,91.87
44.8565,91.88
44.8735,91.88
44.8906,91.89
44.9077,91.9
44.9248,91.9
44.9419,91.91
44.959,91.91
44.9761,91.92
44.9932,91.93
45.0103,91.93
45.0273,91.94
45.0444,91.94
45.0615,91.95
45.0786,91.95
45.0957,91.96
45.1128,91.97
45.1299,91.97
45.147,91.98
45.164,91.98
45.1811,91.99
45.1982,92.0
45.2153,92.0
45.2324,92.01
45.2495,92.01
45.2666,92.02
45.2837,92.03
45.3008,92.03
45.3178,92.04
45.3349,92.04
45.352,92.05
45.3691,92.06
45.3862,92.06
45.4033,92.07
45.4204,92.07
45.4375,92.08
45.4545,92.08
45.4545,92.09
45.4887,92.1
45.5058,92.1
45.5229,92.11
45.54,92.11
45.5571,92.12
45.5742,92.13
45.5913,92.13
45.6083,92.14
45.6254,92.14
45.6425,92.15
45.6596,92.15
45.6767,92.16
45.6938,92.17
45.7109,92.17
45.728,92.18
45.745,92.18
45.7621,92.19
45.7792,92.2
45.7963,92.2
45.8134,92.21
45.8305,92.21
45.8476,92.22
45.8647,92.22
45.8817,92.23
45.8988,92.24
45.9159,92.24
45.933,92.25
45.9501,92.25
45.9672,92.26
45.9843,92.26
46.0014,92.27
46.0185,92.28
46.0355,92.28
46.0526,92.29
46.0697,92.29
46.0868,92.3
46.1039,92.3
46.121,92.31
46.1381,92.32
46.1552,92.32
46.1722,92.33
46.1893,92.33
46.2064,92.34
46.2235,92.35
46.2406,92.35
46.2577,92.36
46.2748,92.36
46.2919,92.37
46.309,92.37
46.326,92.38
46.3431,92.39
46.3602,92.39
46.3773,92.4
46.3944,92.4
46.4115,92.41
46.4286,92.41
46.4457,92.42
46.4627,92.42
46.4798,92.43
46.4969,92.44
46.514,92.44
46.5311,92.45
46.5482,92.45
46.5653,92.46
46.5824,92.46
46.5995,92.47
46.6165,92.48
46.6336,92.48
46.6507,92.49
46.6678,92.49
46.6849,92.5
46.702,92.5
46.7191,92.51
46.7362,92.52
46.7532,92.52
46.7703,92.53
46.7874,92.53
46.8045,92.54
46.8216,92.54
46.8387,92.55
46.8558,92.55
46.8729,92.56
46.89,92.57
46.907,92.57
46.9241,92.58
46.9412,92.58
46.9583,92.59
46.9754,92.59
46.9925,92.6
47.0096,92.6
47.0267,92.61
47.0437,92.62
47.0608,92.62
47.0779,92.63
47.095,92.63
47.1121,92.64
47.1292,92.64
47.1463,92.65
47.1634,92.65
47.1805,92.66
47.1975,92.67
47.2146,92.67
47.2317,92.68
47.2488,92.68
47.2659,92.69
47.283,92.69
47.3001,92.7
47.3172,92.7
47.3342,92.71
47.3513,92.71
47.3684,92.72
47.3855,92.73
47.4026,92.73
47.4197,92.74
47.4368,92.74
47.4539,92.75
47.471,92.75
47.488,92.76
47.5051,92.76
47.5222,92.77
47.5393,92.77
47.5564,92.78
47.5735,92.79
47.5906,92.79
47.6077,92.8
47.6247,92.8
47.6418,92.81
47.6589,92.81
47.676,92.82
47.6931,92.82
47.7102,92.83
47.7273,92.83
47.7444,92.84
47.7614,92.85
47.7785,92.85
47.7956,92.86
47.8127,92.86
47.8298,92.87
47.8469,92.87
47.864,92.88
47.8811,92.88
47.8982,92.89
47.9152,92.89
47.9323,92.9
47.9494,92.91
47.9665,92.91
47.9836,92.92
48.0007,92.92
48.0178,92.93
48.0349,92.93
48.0519,92.94
48.069,92.94
48.0861,92.95
48.1032,92.95
48.1203,92.96
48.1374,92.96
48.1545,92.97
48.1716,92.98
48.1887,92.98
48.2057,92.99
48.2228,92.99
48.2399,93.0
48.257,93.0
48.2741,93.01
48.2912,93.01
48.3083,93.02
48.3254,93.02
48.3424,93.03
48.3595,93.03
48.3766,93.04
48.3937,93.04
48.4108,93.05
48.4279,93.06
48.445,93.06
48.4621,93.07
48.4792,93.07
48.4962,93.08
48.5133,93.08
48.5304,93.09
48.5475,93.09
48.5646,93.1
48.5817,93.1
48.5988,93.11
48.6159,93.11
48.6329,93.12
48.65,93.12
48.6671,93.13
48.6842,93.13
48.7013,93.14
48.7184,93.15
48.7355,93.15
48.7526,93.16
48.7697,93.16
48.7867,93.17
48.8038,93.17
48.8209,93.18
48.838,93.18
48.8551,93.19
48.8722,93.19
48.8893,93.2
48.9064,93.2
48.9234,93.21
48.9405,93.21
48.9576,93.22
48.9747,93.22
48.9918,93.23
49.0089,93.23
49.026,93.24
49.0431,93.25
49.0602,93.25
49.0772,93.26
49.0943,93.26
49.1114,93.27
49.1285,93.27
49.1456,93.28
49.1627,93.28
49.1798,93.29
49.1969,93.29
49.2139,93.3
49.231,93.3
49.2481,93.31
49.2652,93.31
49.2823,93.32
49.2994,93.32
49.3165,93.33
49.3336,93.33
49.3506,93.34
49.3677,93.34
49.3848,93.35
49.4019,93.35
49.419,93.36
49.4361,93.37
49.4532,93.37
49.4703,93.38
49.4874,93.38
49.5044,93.39
49.5215,93.39
49.5386,93.4
49.5557,93.4
49.5728,93.41
49.5899,93.41
49.607,93.42
49.6241,93.42
49.6411,93.43
49.6582,93.43
49.6753,93.44
49.6924,93.44
49.7095,93.45
49.7266,93.45
49.7437,93.46
49.7608,93.46
49.7779,93.47
49.7949,93.47
49.812,93.48
49.8291,93.48
49.8462,93.49
49.8633,93.49
49.8804,93.5
49.8975,93.5
49.9146,93.51
49.9316,93.51
49.9487,93.52
49.9658,93.52
49.9829,93.53
50.0,93.53
50.0171,93.54
50.0342,93.54
50.0513,93.55
50.0684,93.55
50.0854,93.56
50.1025,93.56
50.1196,93.57
50.1367,93.57
50.1538,93.58
50.1709,93.58
50.188,93.59
50.2051,93.59
50.2221,93.6
50.2392,93.6
50.2563,93.61
50.2734,93.61
50.2905,93.62
50.3076,93.62
50.3247,93.63
50.3418,93.63
50.3589,93.64
50.3759,93.64
50.393,93.65
50.4101,93.65
50.4272,93.66
50.4443,93.66
50.4614,93.67
50.4785,93.67
50.4956,93.68
50.5126,93.68
50.5297,93.69
50.5468,93.69
50.5639,93.7
50.581,93.7
50.5981,93.71
50.6152,93.71
50.6323,93.72
50.6494,93.72
50.6664,93.73
50.6835,93.73
50.7006,93.74
50.7177,93.74
50.7348,93.75
50.7519,93.75
50.769,93.76
50.7861,93.76
50.8031,93.77
50.8202,93.77
50.8373,93.78
50.8544,93.78
50.8715,93.79
50.8886,93.79
50.9057,93.8
50.9228,93.8
50.9398,93.81
50.9569,93.81
50.974,93.82
50.9911,93.82
51.0082,93.83
51.0253,93.83
51.0424,93.84
51.0595,93.84
51.0766,93.85
51.0936,93.85
51.1107,93.86
51.1278,93.86
51.1449,93.87
51.162,93.87
51.1791,93.88
51.1962,93.88
51.2133,93.88
51.2303,93.89
51.2474,93.89
51.2645,93.9
51.2816,93.9
51.2987,93.91
51.3158,93.91
51.3329,93.92
51.35,93.92
51.3671,93.93
51.3841,93.93
51.4012,93.94
51.4183,93.94
51.4354,93.95
51.4525,93.95
51.4696,93.96
51.4867,93.96
51.5038,93.97
51.5208,93.97
51.5379,93.98
51.555,93.98
51.5721,93.99
51.5892,93.99
51.6063,94.0
51.6234,94.0
51.6405,94.0
51.6576,94.01
51.6746,94.01
51.6917,94.02
51.7088,94.02
51.7259,94.03
51.743,94.03
51.7601,94.04
51.7772,94.04
51.7943,94.05
51.8113,94.05
51.8284,94.06
51.8455,94.06
51.8626,94.07
51.8797,94.07
51.8968,94.08
51.9139,94.08
51.931,94.09
51.9481,94.09
51.9651,94.1
51.9822,94.1
51.9993,94.1
52.0164,94.11
52.0335,94.11
52.0506,94.12
52.0677,94.12
52.0848,94.13
52.1018,94.13
52.1189,94.14
52.136,94.14
52.1531,94.15
52.1702,94.15
52.1873,94.16
52.2044,94.16
52.2215,94.17
52.2386,94.17
52.2556,94.18
52.2727,94.18
52.2898,94.18
52.3069,94.19
52.324,94.19
52.3411,94.2
52.3582,94.2
52.3753,94.21
52.3923,94.21
52.4094,94.22
52.4265,94.22
52.4436,94.23
52.4607,94.23
52.4778,94.24
52.4949,94.24
52.512,94.24
52.529,94.25
52.5461,94.25
52.5632,94.26
52.5803,94.26
52.5974,94.27
52.6145,94.27
52.6316,94.28
52.6487,94.28
52.6658,94.29
52.6828,94.29
52.6999,94.3
52.717,94.3
52.7341,94.3
52.7512,94.31
52.7683,94.31
52.7854,94.32
52.8025,94.32
52.8195,94.33
52.8366,94.33
52.8537,94.34
52.8708,94.34
52.8879,94.35
52.905,94.35
52.9221,94.36
52.9392,94.36
52.9563,94.36
52.9733,94.37
52.9904,94.37
53.0075,94.38
53.0246,94.38
53.0417,94.39
53.0588,94.39
53.0759,94.4
53.093,94.4
53.11,94.41
53.1271,94.41
53.1442,94.41
53.1613,94.42
53.1784,94.42
53.1955,94.43
53.2126,94.43
53.2297,94.44
53.2468,94.44
53.2638,94.45
53.2809,94.45
53.298,94.46
53.3151,94.46
53.3322,94.46
53.3493,94.47
53.3664,94.47
53.3835,94.48
53.4005,94.48
53.4176,94.49
53.4347,94.49
53.4518,94.5
53.4689,94.5
53.486,94.5
53.5031,94.51
53.5202,94.51
53.5373,94.52
53.5543,94.52
53.5714,94.53
53.5885,94.53
53.6056,94.54
53.6227,94.54
53.6398,94.55
53.6569,94.55
53.674,94.55
53.691,94.56
53.7081,94.56
53.7252,94.57
53.7423,94.57
53.7594,94.58
53.7765,94.58
53.7936,94.59
53.8107,94.59
53.8278,94.59
53.8448,94.6
53.8619,94.6
53.879,94.61
53.8961,94.61
53.9132,94.62
53.9303,94.62
53.9474,94.63
53.9645,94.63
53.9815,94.63
53.9986,94.64
54.0157,94.64
54.0328,94.65
54.0499,94.65
54.067,94.66
54.0841,94.66
54.1012,94.67
54.1183,94.67
54.1353,94.67
54.1524,94.68
54.1695,94.68
54.1866,94.69
54.2037,94.69
54.2208,94.7
54.2379,94.7
54.255,94.71
54.272,94.71
54.2891,94.71
54.3062,94.72
54.3233,94.72
54.3404,94.73
54.3575,94.73
54.3746,94.74
54.3917,94.74
54.4087,94.75
54.4258,94.75
54.4429,94.75
54.46,94.76
54.4771,94.76
54.4942,94.77
54.5113,94.77
54.5284,94.78
54.5455,94.78
54.5625,94.78
54.5796,94.79
54.5967,94.79
54.6138,94.8
54.6309,94.8
54.648,94.81
54.6651,94.81
54.6822,94.81
54.6992,94.82
54.7163,94.82
54.7334,94.83
54.7505,94.83
54.7676,94.84
54.7847,94.84
54.8018,94.84
54.8189,94.85
54.836,94.85
54.853,94.86
54.8701,94.86
54.8872,94.87
54.9043,94.87
54.9214,94.87
54.9385,94.88
54.9556,94.88
54.9727,94.89
54.9897,94.89
55.0068,94.9
55.0239,94.9
55.041,94.9
55.0581,94.91
55.0752,94.91
55.0923,94.92
55.1094,94.92
55.1265,94.93
55.1435,94.93
55.1606,94.93
55.1777,94.94
55.1948,94.94
55.2119,94.95
55.229,94.95
55.2461,94.96
55.2632,94.96
55.2802,94.96
55.2973,94.97
55.3144,94.97
55.3315,94.98
55.3486,94.98
55.3657,94.98
55.3828,94.99
55.3999,94.99
55.417,95.0
55.434,95.0
55.4511,95.01
55.4682,95.01
55.4853,95.01
55.5024,95.02
55.5195,95.02
55.5366,95.03
55.5537,95.03
55.5707,95.04
55.5878,95.04
55.6049,95.04
55.622,95.05
55.6391,95.05
55.6562,95.06
55.6733,95.06
55.6904,95.06
55.7075,95.07
55.7245,95.07
55.7416,95.08
55.7587,95.08
55.7758,95.08
55.7929,95.09
55.81,95.09
55.8271,95.1
55.8442,95.1
55.8612,95.11
55.8783,95.11
55.8954,95.11
55.9125,95.12
55.9296,95.12
55.9467,95.13
55.9638,95.13
55.9809,95.13
55.9979,95.14
56.015,95.14
56.0321,95.15
56.0492,95.15
56.0663,95.15
56.0834,95.16
56.1005,95.16
56.1176,95.17
56.1347,95.17
56.1517,95.18
56.1688,95.18
56.1859,95.18
56.203,95.19
56.2201,95.19
56.2372,95.2
56.2543,95.2
56.2714,95.2
56.2884,95.21
56.3055,95.21
56.3226,95.22
56.3397,95.22
56.3568,95.22
56.3739,95.23
56.391,95.23
56.4081,95.24
56.4252,95.24
56.4422,95.24
56.4593,95.25
56.4764,95.25
56.4935,95.26
56.5106,95.26
56.5277,95.26
56.5448,95.27
56.5619,95.27
56.5789,95.28
56.596,95.28
56.6131,95.28
56.6302,95.29
56.6473,95.29
56.6644,95.3
56.6815,95.3
56.6986,95.3
56.7157,95.31
56.7327,95.31
56.7498,95.32
56.7669,95.32
56.784,95.32
56.8011,95.33
56.8182,95.33
56.8353,95.34
56.8524,95.34
56.8694,95.34
56.8865,95.35
56.9036,95.35
56.9207,95.36
56.9378,95.36
56.9549,95.36
56.972,95.37
56.9891,95.37
57.0062,95.38
57.0232,95.38
57.0403,95.38
57.0574,95.39
57.0745,95.39
57.0916,95.39
57.1087,95.4
57.1258,95.4
57.1429,95.41
57.1599,95.41
57.177,95.41
57.1941,95.42
57.2112,95.42
57.2283,95.43
57.2454,95.43
57.2625,95.43
57.2796,95.44
57.2967,95.44
57.3137,95.45
57.3308,95.45
57.3479,95.45
57.365,95.46
57.3821,95.46
57.3992,95.47
57.4163,95.47
57.4334,95.47
57.4504,95.48
57.4675,95.48
57.4846,95.48
57.5017,95.49
57.5188,95.49
57.5359,95.5
57.553,95.5
57.5701,95.5
57.5871,95.51
57.6042,95.51
57.6213,95.52
57.6384,95.52
57.6555,95.52
57.6726,95.53
57.6897,95.53
57.7068,95.54
57.7239,95.54
57.7409,95.54
57.758,95.55
57.7751,95.55
57.7922,95.55
57.8093,95.56
57.8264,95.56
57.8435,95.57
57.8606,95.57
57.8776,95.57
57.8947,95.58
57.9118,95.58
57.9289,95.58
57.946,95.59
57.9631,95.59
57.9802,95.6
57.9973,95.6
58.0144,95.6
58.0314,95.61
58.0485,95.61
58.0656,95.62
58.0827,95.62
58.0998,95.62
58.1169,95.63
58.134,95.63
58.1511,95.63
58.1681,95.64
58.1852,95.64
58.2023,95.65
58.2194,95.65
58.2365,95.65
58.2536,95.66
58.2707,95.66
58.2878,95.66
58.3049,95.67
58.3219,95.67
58.339,95.68
58.3561,95.68
58.3732,95.68
58.3903,95.69
58.4074,95.69
58.4245,95.69
58.4416,95.7
58.4586,95.7
58.4757,95.71
58.4928,95.71
58.5099,95.71
58.527,95.72
58.5441,95.72
58.5612,95.72
58.5783,95.73
58.5954,95.73
58.6124,95.74
58.6295,95.74
58.6466,95.74
58.6637,95.75
58.6808,95.75
58.6979,95.75
58.715,95.76
58.7321,95.76
58.7491,95.77
58.7662,95.77
58.7833,95.77
58.8004,95.78
58.8175,95.78
58.8346,95.78
58.8517,95.79
58.8688,95.79
58.8859,95.8
58.9029,95.8
58.92,95.8
58.9371,95.81
58.9542,95.81
58.9713,95.81
58.9884,95.82
59.0055,95.82
59.0226,95.82
59.0396,95.83
59.0567,95.83
59.0738,95.84
59.0909,95.84
59.108,95.84
59.1251,95.85
59.1422,95.85
59.1593,95.85
59.1763,95.86
59.1934,95.86
59.2105,95.86
59.2276,95.87
59.2447,95.87
59.2618,95.88
59.2789,95.88
59.296,95.88
59.3131,95.89
59.3301,95.89
59.3472,95.89
59.3643,95.9
59.3814,95.9
59.3985,95.9
59.4156,95.91
59.4327,95.91
59.4498,95.91
59.4668,95.92
59.4839,95.92
59.501,95.93
59.5181,95.93
59.5352,95.93
59.5523,95.94
59.5694,95.94
59.5865,95.94
59.6036,95.95
59.6206,95.95
59.6377,95.95
59.6548,95.96
59.6719,95.96
59.689,95.96
59.7061,95.97
59.7232,95.97
59.7403,95.98
59.7573,95.98
59.7744,95.98
59.7915,95.99
59.8086,95.99
59.8257,95.99
59.8428,96.0
59.8599,96.0
59.877,96.0
59.8941,96.01
59.9111,96.01
59.9282,96.01
59.9453,96.02
59.9624,96.02
59.9795,96.03
59.9966,96.03
60.0137,96.03
60.0308,96.04
60.0478,96.04
60.0649,96.04
60.082,96.05
60.0991,96.05
60.1162,96.05
60.1333,96.06
60.1504,96.06
60.1675,96.06
60.1846,96.07
60.2016,96.07
60.2187,96.07
60.2358,96.08
60.2529,96.08
60.27,96.08
60.2871,96.09
60.3042,96.09
60.3213,96.1
60.3383,96.1
60.3554,96.1
60.3725,96.11
60.3896,96.11
60.4067,96.11
60.4238,96.12
60.4409,96.12
60.458,96.12
60.4751,96.13
60.4921,96.13
60.5092,96.13
60.5263,96.14
60.5434,96.14
60.5605,96.14
60.5776,96.15
60.5947,96.15
60.6118,96.15
60.6288,96.16
60.6459,96.16
60.663,96.16
60.6801,96.17
60.6972,96.17
60.7143,96.17
60.7314,96.18
60.7485,96.18
60.7656,96.19
60.7826,96.19
60.7997,96.19
60.8168,96.2
60.8339,96.2
60.851,96.2
60.8681,96.21
60.8852,96.21
60.9023,96.21
60.9193,96.22
60.9364,96.22
60.9535,96.22
60.9706,96.23
60.9877,96.23
61.0048,96.23
61.0048,96.24
61.039,96.24
61.056,96.24
61.0731,96.25
61.0902,96.25
61.1073,96.25
61.1244,96.26
61.1415,96.26
61.1586,96.26
61.1757,96.27
61.1928,96.27
61.2098,96.27
61.2269,96.28
61.244,96.28
61.2611,96.28
61.2782,96.29
61.2953,96.29
61.3124,96.29
61.3295,96.3
61.3465,96.3
61.3636,96.3
61.3807,96.31
61.3978,96.31
61.4149,96.31
61.432,96.32
61.4491,96.32
61.4662,96.32
61.4833,96.33
61.5003,96.33
61.5174,96.33
61.5345,96.34
61.5516,96.34
61.5687,96.34
61.5858,96.35
61.6029,96.35
61.62,96.35
61.637,96.36
61.6541,96.36
61.6712,96.36
61.6883,96.37
61.7054,96.37
61.7225,96.37
61.7396,96.38
61.7567,96.38
61.7738,96.38
61.7908,96.39
61.8079,96.39
61.825,96.39
61.8421,96.4
61.8421,96.4
61.8763,96.4
61.8934,96.41
61.9105,96.41
61.9275,96.41
61.9446,96.42
61.9617,96.42
61.9788,96.42
61.9959,96.43
62.013,96.43
62.0301,96.43
62.0472,96.44
62.0643,96.44
62.0813,96.44
62.0984,96.45
62.1155,96.45
62.1326,96.45
62.1497,96.45
62.1668,96.46
62.1839,96.46
62.201,96.46
62.218,96.47
62.2351,96.47
62.2522,96.47
62.2693,96.48
62.2864,96.48
62.3035,96.48
62.3206,96.49
62.3377,96.49
62.3548,96.49
62.3718,96.5
62.3889,96.5
62.406,96.5
62.4231,96.51
62.4402,96.51
62.4573,96.51
62.4744,96.52
62.4915,96.52
62.5085,96.52
62.5256,96.53
62.5427,96.53
62.5598,96.53
62.5769,96.54
62.594,96.54
62.6111,96.54
62.6282,96.54
62.6452,96.55
62.6623,96.55
62.6794,96.55
62.6965,96.56
62.7136,96.56
62.7307,96.56
62.7478,96.57
62.7649,96.57
62.782,96.57
62.799,96.58
62.8161,96.58
62.8332,96.58
62.8503,96.59
62.8674,96.59
62.8845,96.59
62.9016,96.6
62.9187,96.6
62.9357,96.6
62.9528,96.6
62.9699,96.61
62.987,96.61
63.0041,96.61
63.0212,96.62
63.0383,96.62
63.0554,96.62
63.0725,96.63
63.0895,96.63
63.1066,96.63
63.1237,96.64
63.1408,96.64
63.1579,96.64
63.175,96.65
63.1921,96.65
63.2092,96.65
63.2262,96.65
63.2433,96.66
63.2604,96.66
63.2775,96.66
63.2946,96.67
63.3117,96.67
63.3288,96.67
63.3459,96.68
63.363,96.68
63.38,96.68
63.3971,96.69
63.4142,96.69
63.4313,96.69
63.4484,96.7
63.4655,96.7
63.4826,96.7
63.4997,96.7
63.5167,96.71
63.5338,96.71
63.5509,96.71
63.568,96.72
63.5851,96.72
63.6022,96.72
63.6193,96.73
63.6364,96.73
63.6535,96.73
63.6705,96.74
63.6876,96.74
63.7047,96.74
63.7218,96.74
63.7389,96.75
63.756,96.75
63.7731,96.75
63.7902,96.76
63.8072,96.76
63.8243,96.76
63.8414,96.77
63.8585,96.77
63.8756,96.77
63.8927,96.77
63.9098,96.78
63.9269,96.78
63.944,96.78
63.961,96.79
63.9781,96.79
63.9952,96.79
64.0123,96.8
64.0294,96.8
64.0465,96.8
64.0636,96.81
64.0807,96.81
64.0977,96.81
64.1148,96.81
64.1319,96.82
64.149,96.82
64.1661,96.82
64.1832,96.83
64.2003,96.83
64.2174,96.83
64.2344,96.84
64.2515,96.84
64.2686,96.84
64.2857,96.84
64.3028,96.85
64.3199,96.85
64.337,96.85
64.3541,96.86
64.3712,96.86
64.3882,96.86
64.4053,96.86
64.4224,96.87
64.4395,96.87
64.4566,96.87
64.4737,96.88
64.4908,96.88
64.5079,96.88
64.5249,96.89
64.542,96.89
64.5591,96.89
64.5762,96.89
64.5933,96.9
64.6104,96.9
64.6275,96.9
64.6446,96.91
64.6617,96.91
64.6787,96.91
64.6958,96.92
64.7129,96.92
64.73,96.92
64.7471,96.92
64.7642,96.93
64.7813,96.93
64.7984,96.93
64.8154,96.94
64.8325,96.94
64.8496,96.94
64.8667,96.94
64.8838,96.95
64.9009,96.95
64.918,96.95
64.9351,96.96
64.9522,96.96
64.9692,96.96
64.9863,96.96
65.0034,96.97
65.0205,96.97
65.0376,96.97
65.0547,96.98
65.0718,96.98
65.0889,96.98
65.1059,96.98
65.123,96.99
65.1401,96.99
65.1572,96.99
65.1743,97.0
65.1914,97.0
65.2085,97.0
65.2256,97.01
65.2427,97.01
65.2597,97.01
65.2768,97.01
65.2939,97.02
65.311,97.02
65.3281,97.02
65.3452,97.03
65.3623,97.03
65.3794,97.03
65.3964,97.03
65.4135,97.04
65.4306,97.04
65.4477,97.04
65.4648,97.05
65.4819,97.05
65.499,97.05
65.5161,97.05
65.5332,97.06
65.5502,97.06
65.5673,97.06
65.5844,97.06
65.6015,97.07
65.6186,97.07
65.6357,97.07
65.6528,97.08
65.6699,97.08
65.6869,97.08
65.704,97.08
65.7211,97.09
65.7382,97.09
65.7553,97.09
65.7724,97.1
65.7895,97.1
65.8066,97.1
65.8237,97.1
65.8407,97.11
65.8578,97.11
65.8749,97.11
65.892,97.12
65.9091,97.12
65.9262,97.12
65.9433,97.12
65.9604,97.13
65.9774,97.13
65.9945,97.13
66.0116,97.14
66.0287,97.14
66.0458,97.14
66.0629,97.14
66.08,97.15
66.0971,97.15
66.1141,97.15
66.1312,97.15
66.1483,97.16
66.1654,97.16
66.1825,97.16
66.1996,97.17
66.2167,97.17
66.2338,97.17
66.2509,97.17
66.2679,97.18
66.285,97.18
66.3021,97.18
66.3192,97.18
66.3363,97.19
66.3534,97.19
66.3705,97.19
66.3876,97.2
66.4046,97.2
66.4217,97.2
66.4388,97.2
66.4559,97.21
66.473,97.21
66.4901,97.21
66.5072,97.21
66.5243,97.22
66.5414,97.22
66.5584,97.22
66.5755,97.23
66.5926,97.23
66.6097,97.23
66.6268,97.23
66.6439,97.24
66.661,97.24
66.6781,97.24
66.6951,97.24
66.7122,97.25
66.7293,97.25
66.7464,97.25
66.7635,97.26
66.7806,97.26
66.7977,97.26
66.8148,97.26
66.8319,97.27
66.8489,97.27
66.866,97.27
66.8831,97.27
66.9002,97.28
66.9173,97.28
66.9344,97.28
66.9515,97.28
66.9686,97.29
66.9856,97.29
67.0027,97.29
67.0198,97.3
67.0369,97.3
67.054,97.3
67.0711,97.3
67.0882,97.31
67.1053,97.31
67.1224,97.31
67.1394,97.31
67.1565,97.32
67.1736,97.32
67.1907,97.32
67.2078,97.32
67.2249,97.33
67.242,97.33
67.2591,97.33
67.2761,97.33
67.2932,97.34
67.3103,97.34
67.3274,97.34
67.3445,97.35
67.3616,97.35
67.3787,97.35
67.3958,97.35
67.4129,97.36
67.4299,97.36
67.447,97.36
67.4641,97.36
67.4812,97.37
67.4983,97.37
67.5154,97.37
67.5325,97.37
67.5496,97.38
67.5666,97.38
67.5837,97.38
67.6008,97.38
67.6179,97.39
67.635,97.39
67.6521,97.39
67.6692,97.39
67.6863,97.4
67.7033,97.4
67.7204,97.4
67.7375,97.4
67.7546,97.41
67.7717,97.41
67.7888,97.41
67.8059,97.41
67.823,97.42
67.8401,97.42
67.8571,97.42
67.8742,97.43
67.8913,97.43
67.9084,97.43
67.9255,97.43
67.9426,97.44
67.9597,97.44
67.9768,97.44
67.9938,97.44
68.0109,97.45
68.028,97.45
68.0451,97.45
68.0622,97.45
68.0793,97.46
68.0964,97.46
68.1135,97.46
68.1306,97.46
68.1476,97.47
68.1647,97.47
68.1818,97.47
68.1989,97.47
68.216,97.48
68.2331,97.48
68.2502,97.48
68.2673,97.48
68.2843,97.49
68.3014,97.49
68.3185,97.49
68.3356,97.49
68.3527,97.5
68.3527,97.5
68.3869,97.5
68.404,97.5
68.4211,97.51
68.4381,97.51
68.4552,97.51
68.4723,97.51
68.4894,97.52
68.5065,97.52
68.5236,97.52
68.5407,97.52
68.5578,97.53
68.5748,97.53
68.5919,97.53
68.609,97.53
68.6261,97.54
68.6432,97.54
68.6603,97.54
68.6774,97.54
68.6945,97.55
68.7116,97.55
68.7286,97.55
68.7457,97.55
68.7628,97.56
68.7799,97.56
68.797,97.56
68.8141,97.56
68.8312,97.57
68.8483,97.57
68.8653,97.57
68.8824,97.57
68.8995,97.57
68.9166,97.58
68.9337,97.58
68.9508,97.58
68.9679,97.58
68.985,97.59
69.0021,97.59
69.0191,97.59
69.0362,97.59
69.0533,97.6
69.0704,97.6
69.0875,97.6
69.1046,97.6
69.1217,97.61
69.1388,97.61
69.1558,97.61
69.1729,97.61
69.19,97.62
69.2071,97.62
69.2242,97.62
69.2413,97.62
69.2584,97.63
69.2755,97.63
69.2925,97.63
69.3096,97.63
69.3267,97.64
69.3438,97.64
69.3609,97.64
69.378,97.64
69.3951,97.65
69.4122,97.65
69.4293,97.65
69.4463,97.65
69.4634,97.65
69.4805,97.66
69.4976,97.66
69.5147,97.66
69.5318,97.66
69.5489,97.67
69.566,97.67
69.583,97.67
69.6001,97.67
69.6172,97.68
69.6343,97.68
69.6514,97.68
69.6685,97.68
69.6856,97.69
69.7027,97.69
69.7198,97.69
69.7368,97.69
69.7539,97.7
69.771,97.7
69.7881,97.7
69.8052,97.7
69.8223,97.71
69.8394,97.71
69.8565,97.71
69.8735,97.71
69.8906,97.71
69.9077,97.72
69.9248,97.72
69.9419,97.72
69.959,97.72
69.9761,97.73
69.9932,97.73
70.0103,97.73
70.0273,97.73
70.0444,97.74
70.0615,97.74
70.0786,97.74
70.0957,97.74
70.1128,97.75
70.1299,97.75
70.147,97.75
70.164,97.75
70.1811,97.75
70.1982,97.76
70.2153,97.76
70.2324,97.76
70.2495,97.76
70.2666,97.77
70.2837,97.77
70.3008,97.77
70.3178,97.77
70.3349,97.78
70.352,97.78
70.3691,97.78
70.3862,97.78
70.4033,97.78
70.4033,97.79
70.4375,97.79
70.4545,97.79
70.4716,97.79
70.4887,97.8
70.5058,97.8
70.5229,97.8
70.54,97.8
70.5571,97.81
70.5742,97.81
70.5913,97.81
70.6083,97.81
70.6254,97.82
70.6425,97.82
70.6596,97.82
70.6767,97.82
70.6938,97.82
70.7109,97.83
70.728,97.83
70.745,97.83
70.7621,97.83
70.7792,97.84
70.7963,97.84
70.8134,97.84
70.8305,97.84
70.8476,97.84
70.8647,97.85
70.8817,97.85
70.8988,97.85
70.9159,97.85
70.933,97.86
70.9501,97.86
70.9672,97.86
70.9843,97.86
71.0014,97.87
71.0185,97.87
71.0355,97.87
71.0526,97.87
71.0697,97.87
71.0868,97.88
71.1039,97.88
71.121,97.88
71.1381,97.88
71.1552,97.89
71.1722,97.89
71.1893,97.89
71.2064,97.89
71.2235,97.9
71.2406,97.9
71.2577,97.9
71.2748,97.9
71.2919,97.9
71.309,97.91
71.326,97.91
71.3431,97.91
71.3602,97.91
71.3773,97.92
71.3944,97.92
71.4115,97.92
71.4286,97.92
71.4457,97.92
71.4627,97.93
71.4627,97.93
71.4969,97.93
71.514,97.93
71.5311,97.94
71.5482,97.94
71.5653,97.94
71.5824,97.94
71.5995,97.94
71.6165,97.95
71.6336,97.95
71.6507,97.95
71.6678,97.95
71.6849,97.96
71.702,97.96
71.7191,97.96
71.7362,97.96
71.7532,97.96
71.7703,97.97
71.7874,97.97
71.8045,97.97
71.8216,97.97
71.8387,97.98
71.8558,97.98
71.8729,97.98
71.89,97.98
71.907,97.98
71.9241,97.99
71.9412,97.99
71.9583,97.99
71.9754,97.99
71.9925,98.0
72.0096,98.0
72.0267,98.0
72.0437,98.0
72.0608,98.0
72.0779,98.01
72.095,98.01
72.1121,98.01
72.1292,98.01
72.1463,98.01
72.1634,98.02
72.1805,98.02
72.1975,98.02
72.2146,98.02
72.2317,98.03
72.2488,98.03
72.2659,98.03
72.283,98.03
72.3001,98.03
72.3172,98.04
72.3342,98.04
72.3513,98.04
72.3684,98.04
72.3855,98.05
72.4026,98.05
72.4197,98.05
72.4368,98.05
72.4539,98.05
72.471,98.06
72.488,98.06
72.5051,98.06
72.5222,98.06
72.5393,98.07
72.5564,98.07
72.5735,98.07
72.5906,98.07
72.6077,98.07
72.6247,98.08
72.6418,98.08
72.6589,98.08
72.676,98.08
72.6931,98.08
72.7102,98.09
72.7273,98.09
72.7444,98.09
72.7614,98.09
72.7785,98.1
72.7956,98.1
72.8127,98.1
72.8298,98.1
72.8469,98.1
72.864,98.11
72.8811,98.11
72.8982,98.11
72.9152,98.11
72.9323,98.11
72.9494,98.12
72.9665,98.12
72.9836,98.12
73.0007,98.12
73.0178,98.13
73.0349,98.13
73.0519,98.13
73.069,98.13
73.0861,98.13
73.1032,98.14
73.1203,98.14
73.1374,98.14
73.1545,98.14
73.1716,98.14
73.1887,98.15
73.2057,98.15
73.2228,98.15
73.2399,98.15
73.257,98.15
73.2741,98.16
73.2912,98.16
73.3083,98.16
73.3254,98.16
73.3424,98.17
73.3595,98.17
73.3766,98.17
73.3937,98.17
73.4108,98.17
73.4279,98.18
73.445,98.18
73.4621,98.18
73.4792,98.18
73.4962,98.18
73.5133,98.19
73.5304,98.19
73.5475,98.19
73.5646,98.19
73.5817,98.19
73.5988,98.2
73.6159,98.2
73.6329,98.2
73.65,98.2
73.65,98.2
73.6842,98.21
73.7013,98.21
73.7013,98.21
73.7355,98.21
73.7526,98.22
73.7697,98.22
73.7867,98.22
73.8038,98.22
73.8209,98.22
73.838,98.23
73.8551,98.23
73.8722,98.23
73.8893,98.23
73.9064,98.23
73.9234,98.24
73.9405,98.24
73.9576,98.24
73.9747,98.24
73.9918,98.24
74.0089,98.25
74.026,98.25
74.0431,98.25
74.0602,98.25
74.0772,98.25
74.0943,98.26
74.1114,98.26
74.1285,98.26
74.1456,98.26
74.1627,98.26
74.1798,98.27
74.1969,98.27
74.2139,98.27
74.231,98.27
74.2481,98.27
74.2652,98.28
74.2823,98.28
74.2994,98.28
74.3165,98.28
74.3336,98.28
74.3506,98.29
74.3677,98.29
74.3848,98.29
74.4019,98.29
74.419,98.29
74.4361,98.3
74.4532,98.3
74.4703,98.3
74.4874,98.3
74.5044,98.3
74.5215,98.31
74.5386,98.31
74.5557,98.31
74.5728,98.31
74.5899,98.31
74.607,98.32
74.6241,98.32
74.6411,98.32
74.6582,98.32
74.6753,98.32
74.6924,98.33
74.7095,98.33
74.7266,98.33
74.7437,98.33
74.7608,98.33
74.7779,98.34
74.7949,98.34
74.812,98.34
74.8291,98.34
74.8462,98.34
74.8633,98.35
74.8804,98.35
74.8975,98.35
74.9146,98.35
74.9316,98.35
74.9487,98.36
74.9658,98.36
74.9829,98.36
75.0,98.36
75.0171,98.36
75.0342,98.37
75.0513,98.37
75.0684,98.37
75.0854,98.37
75.1025,98.37
75.1025,98.38
75.1367,98.38
75.1538,98.38
75.1709,98.38
75.188,98.38
75.2051,98.39
75.2221,98.39
75.2392,98.39
75.2563,98.39
75.2734,98.39
75.2905,98.4
75.3076,98.4
75.3247,98.4
75.3418,98.4
75.3589,98.4
75.3759,98.41
75.393,98.41
75.4101,98.41
75.4272,98.41
75.4443,98.41
75.4614,98.42
75.4785,98.42
75.4956,98.42
75.5126,98.42
75.5297,98.42
75.5468,98.43
75.5639,98.43
75.581,98.43
75.5981,98.43
75.6152,98.43
75.6323,98.44
75.6494,98.44
75.6664,98.44
75.6835,98.44
75.7006,98.44
75.7177,98.44
75.7348,98.45
75.7519,98.45
75.769,98.45
75.7861,98.45
75.8031,98.45
75.8202,98.46
75.8373,98.46
75.8544,98.46
75.8715,98.46
75.8886,98.46
75.9057,98.47
75.9228,98.47
75.9398,98.47
75.9569,98.47
75.974,98.47
75.9911,98.48
76.0082,98.48
76.0253,98.48
76.0424,98.48
76.0595,98.48
76.0766,98.48
76.0936,98.49
76.1107,98.49
76.1278,98.49
76.1449,98.49
76.162,98.49
76.1791,98.5
76.1962,98.5
76.2133,98.5
76.2303,98.5
76.2474,98.5
76.2645,98.51
76.2816,98.51
76.2987,98.51
76.3158,98.51
76.3329,98.51
76.35,98.52
76.3671,98.52
76.3841,98.52
76.4012,98.52
76.4183,98.52
76.4354,98.52
76.4525,98.53
76.4696,98.53
76.4867,98.53
76.5038,98.53
76.5208,98.53
76.5379,98.54
76.555,98.54
76.5721,98.54
76.5892,98.54
76.6063,98.54
76.6234,98.55
76.6405,98.55
76.6576,98.55
76.6746,98.55
76.6917,98.55
76.7088,98.55
76.7259,98.56
76.743,98.56
76.7601,98.56
76.7772,98.56
76.7943,98.56
76.8113,98.57
76.8284,98.57
76.8455,98.57
76.8626,98.57
76.8797,98.57
76.8968,98.57
76.9139,98.58
76.931,98.58
76.9481,98.58
76.9651,98.58
76.9822,98.58
76.9993,98.59
77.0164,98.59
77.0335,98.59
77.0506,98.59
77.0677,98.59
77.0848,98.6
77.1018,98.6
77.1189,98.6
77.136,98.6
77.1531,98.6
77.1702,98.6
77.1873,98.61
77.2044,98.61
77.2215,98.61
77.2386,98.61
77.2556,98.61
77.2727,98.62
77.2898,98.62
77.3069,98.62
77.324,98.62
77.3411,98.62
77.3582,98.62
77.3753,98.63
77.3923,98.63
77.4094,98.63
77.4265,98.63
77.4436,98.63
77.4607,98.64
77.4778,98.64
77.4949,98.64
77.512,98.64
77.529,98.64
77.5461,98.64
77.5632,98.65
77.5803,98.65
77.5974,98.65
77.6145,98.65
77.6316,98.65
77.6487,98.66
77.6658,98.66
77.6828,98.66
77.6999,98.66
77.717,98.66
77.7341,98.66
77.7512,98.67
77.7683,98.67
77.7854,98.67
77.8025,98.67
77.8195,98.67
77.8366,98.67
77.8537,98.68
77.8708,98.68
77.8879,98.68
77.905,98.68
77.9221,98.68
77.9392,98.69
77.9563,98.69
77.9733,98.69
77.9904,98.69
78.0075,98.69
78.0246,98.69
78.0417,98.7
78.0588,98.7
78.0759,98.7
78.093,98.7
78.11,98.7
78.1271,98.71
78.1442,98.71
78.1613,98.71
78.1784,98.71
78.1955,98.71
78.2126,98.71
78.2297,98.72
78.2468,98.72
78.2638,98.72
78.2809,98.72
78.298,98.72
78.3151,98.72
78.3322,98.73
78.3493,98.73
78.3664,98.73
78.3835,98.73
78.4005,98.73
78.4176,98.74
78.4347,98.74
78.4518,98.74
78.4689,98.74
78.486,98.74
78.5031,98.74
78.5202,98.75
78.5373,98.75
78.5543,98.75
78.5714,98.75
78.5885,98.75
78.6056,98.75
78.6227,98.76
78.6398,98.76
78.6569,98.76
78.674,98.76
78.691,98.76
78.7081,98.77
78.7252,98.77
78.7423,98.77
78.7594,98.77
78.7594,98.77
78.7936,98.77
78.8107,98.78
78.8278,98.78
78.8278,98.78
78.8619,98.78
78.879,98.78
78.8961,98.78
78.9132,98.79
78.9303,98.79
78.9303,98.79
78.9645,98.79
78.9815,98.79
78.9986,98.79
79.0157,98.8
79.0328,98.8
79.0499,98.8
79.067,98.8
79.0841,98.8
79.1012,98.81
79.1183,98.81
79.1353,98.81
79.1524,98.81
79.1695,98.81
79.1866,98.81
79.2037,98.82
79.2208,98.82
79.2379,98.82
79.255,98.82
79.272,98.82
79.2891,98.82
79.3062,98.83
79.3233,98.83
79.3404,98.83
79.3575,98.83
79.3746,98.83
79.3917,98.83
79.4087,98.84
79.4258,98.84
79.4429,98.84
79.46,98.84
79.4771,98.84
79.4942,98.84
79.5113,98.85
79.5284,98.85
79.5455,98.85
79.5625,98.85
79.5796,98.85
79.5967,98.85
79.6138,98.86
79.6309,98.86
79.648,98.86
79.6651,98.86
79.6822,98.86
79.6992,98.87
79.7163,98.87
79.7334,98.87
79.7505,98.87
79.7676,98.87
79.7847,98.87
79.8018,98.88
79.8189,98.88
79.836,98.88
79.853,98.88
79.8701,98.88
79.8872,98.88
79.9043,98.89
79.9214,98.89
79.9385,98.89
79.9556,98.89
79.9727,98.89
79.9897,98.89
80.0068,98.9
80.0239,98.9
80.041,98.9
80.0581,98.9
80.0752,98.9
80.0923,98.9
80.1094,98.91
80.1265,98.91
80.1435,98.91
80.1606,98.91
80.1777,98.91
80.1948,98.91
80.2119,98.92
80.229,98.92
80.2461,98.92
80.2632,98.92
80.2802,98.92
80.2973,98.92
80.3144,98.92
80.3315,98.93
80.3486,98.93
80.3657,98.93
80.3828,98.93
80.3999,98.93
80.417,98.93
80.434,98.94
80.4511,98.94
80.4682,98.94
80.4853,98.94
80.5024,98.94
80.5195,98.94
80.5366,98.95
80.5537,98.95
80.5707,98.95
80.5878,98.95
80.6049,98.95
80.622,98.95
80.6391,98.96
80.6562,98.96
80.6733,98.96
80.6904,98.96
80.7075,98.96
80.7245,98.96
80.7416,98.97
80.7587,98.97
80.7758,98.97
80.7929,98.97
80.81,98.97
80.8271,98.97
80.8442,98.97
80.8612,98.98
80.8783,98.98
80.8954,98.98
80.9125,98.98
80.9296,98.98
80.9467,98.98
80.9638,98.99
80.9809,98.99
80.9979,98.99
81.015,98.99
81.0321,98.99
81.0492,98.99
81.0663,99.0
81.0834,99.0
81.1005,99.0
81.1176,99.0
81.1347,99.0
81.1347,99.0
81.1688,99.0
81.1859,99.01
81.203,99.01
81.2201,99.01
81.2372,99.01
81.2543,99.01
81.2714,99.01
81.2884,99.02
81.3055,99.02
81.3226,99.02
81.3397,99.02
81.3568,99.02
81.3739,99.02
81.391,99.02
81.4081,99.03
81.4252,99.03
81.4422,99.03
81.4422,99.03
81.4764,99.03
81.4935,99.03
81.5106,99.04
81.5277,99.04
81.5448,99.04
81.5619,99.04
81.5789,99.04
81.596,99.04
81.6131,99.04
81.6302,99.05
81.6473,99.05
81.6644,99.05
81.6815,99.05
81.6986,99.05
81.7157,99.05
81.7327,99.05
81.7498,99.06
81.7669,99.06
81.784,99.06
81.8011,99.06
81.8182,99.06
81.8353,99.06
81.8524,99.07
81.8694,99.07
81.8865,99.07
81.9036,99.07
81.9207,99.07
81.9378,99.07
81.9549,99.07
81.972,99.08
81.9891,99.08
82.0062,99.08
82.0232,99.08
82.0403,99.08
82.0574,99.08
82.0745,99.08
82.0916,99.09
82.1087,99.09
82.1258,99.09
82.1429,99.09
82.1599,99.09
82.177,99.09
82.1941,99.09
82.2112,99.1
82.2283,99.1
82.2454,99.1
82.2625,99.1
82.2796,99.1
82.2967,99.1
82.3137,99.1
82.3308,99.11
82.3479,99.11
82.365,99.11
82.3821,99.11
82.3992,99.11
82.4163,99.11
82.4334,99.11
82.4504,99.12
82.4675,99.12
82.4846,99.12
82.5017,99.12
82.5188,99.12
82.5359,99.12
82.553,99.12
82.5701,99.13
82.5871,99.13
82.6042,99.13
82.6213,99.13
82.6384,99.13
82.6555,99.13
82.6726,99.13
82.6897,99.14
82.7068,99.14
82.7239,99.14
82.7409,99.14
82.758,99.14
82.7751,99.14
82.7922,99.14
82.8093,99.15
82.8264,99.15
82.8435,99.15
82.8606,99.15
82.8776,99.15
82.8947,99.15
82.9118,99.15
82.9289,99.16
82.946,99.16
82.9631,99.16
82.9802,99.16
82.9973,99.16
83.0144,99.16
83.0314,99.16
83.0485,99.17
83.0656,99.17
83.0827,99.17
83.0998,99.17
83.1169,99.17
83.134,99.17
83.1511,99.17
83.1681,99.18
83.1852,99.18
83.2023,99.18
83.2194,99.18
83.2365,99.18
83.2536,99.18
83.2707,99.18
83.2878,99.18
83.3049,99.19
83.3219,99.19
83.339,99.19
83.3561,99.19
83.3732,99.19
83.3903,99.19
83.4074,99.19
83.4245,99.2
83.4416,99.2
83.4586,99.2
83.4757,99.2
83.4928,99.2
83.5099,99.2
83.527,99.2
83.5441,99.21
83.5612,99.21
83.5783,99.21
83.5954,99.21
83.6124,99.21
83.6295,99.21
83.6466,99.21
83.6637,99.21
83.6808,99.22
83.6979,99.22
83.715,99.22
83.7321,99.22
83.7491,99.22
83.7662,99.22
83.7833,99.22
83.8004,99.23
83.8175,99.23
83.8346,99.23
83.8517,99.23
83.8688,99.23
83.8859,99.23
83.9029,99.23
83.92,99.23
83.9371,99.24
83.9542,99.24
83.9713,99.24
83.9884,99.24
84.0055,99.24
84.0226,99.24
84.0396,99.24
84.0567,99.25
84.0738,99.25
84.0909,99.25
84.108,99.25
84.1251,99.25
84.1422,99.25
84.1593,99.25
84.1763,99.25
84.1934,99.26
84.2105,99.26
84.2276,99.26
84.2447,99.26
84.2447,99.26
84.2789,99.26
84.296,99.26
84.3131,99.27
84.3301,99.27
84.3472,99.27
84.3643,99.27
84.3814,99.27
84.3985,99.27
84.4156,99.27
84.4327,99.27
84.4498,99.28
84.4668,99.28
84.4839,99.28
84.501,99.28
84.5181,99.28
84.5352,99.28
84.5523,99.28
84.5694,99.28
84.5865,99.29
84.6036,99.29
84.6206,99.29
84.6377,99.29
84.6548,99.29
84.6719,99.29
84.689,99.29
84.7061,99.3
84.7232,99.3
84.7403,99.3
84.7573,99.3
84.7744,99.3
84.7915,99.3
84.8086,99.3
84.8257,99.3
84.8428,99.31
84.8599,99.31
84.877,99.31
84.8941,99.31
84.9111,99.31
84.9282,99.31
84.9453,99.31
84.9624,99.31
84.9795,99.32
84.9966,99.32
85.0137,99.32
85.0308,99.32
85.0478,99.32
85.0649,99.32
85.082,99.32
85.0991,99.32
85.1162,99.33
85.1333,99.33
85.1504,99.33
85.1675,99.33
85.1846,99.33
85.2016,99.33
85.2187,99.33
85.2358,99.33
85.2529,99.34
85.27,99.34
85.2871,99.34
85.3042,99.34
85.3213,99.34
85.3213,99.34
85.3554,99.34
85.3725,99.34
85.3896,99.35
85.4067,99.35
85.4238,99.35
85.4409,99.35
85.458,99.35
85.4751,99.35
85.4921,99.35
85.5092,99.35
85.5263,99.36
85.5434,99.36
85.5605,99.36
85.5776,99.36
85.5947,99.36
85.6118,99.36
85.6288,99.36
85.6459,99.36
85.663,99.37
85.6801,99.37
85.6972,99.37
85.7143,99.37
85.7314,99.37
85.7485,99.37
85.7656,99.37
85.7826,99.37
85.7997,99.37
85.8168,99.38
85.8339,99.38
85.851,99.38
85.8681,99.38
85.8852,99.38
85.9023,99.38
85.9193,99.38
85.9364,99.38
85.9535,99.39
85.9706,99.39
85.9877,99.39
86.0048,99.39
86.0219,99.39
86.039,99.39
86.056,99.39
86.0731,99.39
86.0902,99.4
86.1073,99.4
86.1244,99.4
86.1415,99.4
86.1586,99.4
86.1757,99.4
86.1928,99.4
86.2098,99.4
86.2269,99.4
86.244,99.41
86.2611,99.41
86.2782,99.41
86.2953,99.41
86.3124,99.41
86.3295,99.41
86.3295,99.41
86.3636,99.41
86.3807,99.42
86.3978,99.42
86.4149,99.42
86.432,99.42
86.4491,99.42
86.4662,99.42
86.4833,99.42
86.5003,99.42
86.5174,99.42
86.5345,99.43
86.5516,99.43
86.5687,99.43
86.5858,99.43
86.6029,99.43
86.62,99.43
86.637,99.43
86.6541,99.43
86.6712,99.43
86.6883,99.44
86.7054,99.44
86.7225,99.44
86.7396,99.44
86.7567,99.44
86.7738,99.44
86.7908,99.44
86.8079,99.44
86.825,99.45
86.8421,99.45
86.8592,99.45
86.8763,99.45
86.8934,99.45
86.9105,99.45
86.9275,99.45
86.9446,99.45
86.9617,99.45
86.9788,99.46
86.9959,99.46
87.013,99.46
87.0301,99.46
87.0472,99.46
87.0643,99.46
87.0813,99.46
87.0984,99.46
87.1155,99.46
87.1326,99.47
87.1497,99.47
87.1668,99.47
87.1839,99.47
87.201,99.47
87.218,99.47
87.2351,99.47
87.2522,99.47
87.2693,99.47
87.2864,99.48
87.3035,99.48
87.3206,99.48
87.3377,99.48
87.3548,99.48
87.3718,99.48
87.3889,99.48
87.406,99.48
87.4231,99.48
87.4402,99.49
87.4573,99.49
87.4744,99.49
87.4915,99.49
87.5085,99.49
87.5256,99.49
87.5427,99.49
87.5598,99.49
87.5769,99.49
87.594,99.5
87.6111,99.5
87.6282,99.5
87.6452,99.5
87.6623,99.5
87.6794,99.5
87.6965,99.5
87.7136,99.5
87.7307,99.5
87.7478,99.51
87.7649,99.51
87.782,99.51
87.799,99.51
87.8161,99.51
87.8332,99.51
87.8503,99.51
87.8674,99.51
87.8845,99.51
87.9016,99.51
87.9187,99.52
87.9357,99.52
87.9528,99.52
87.9699,99.52
87.987,99.52
88.0041,99.52
88.0212,99.52
88.0383,99.52
88.0554,99.52
88.0725,99.53
88.0895,99.53
88.1066,99.53
88.1237,99.53
88.1408,99.53
88.1579,99.53
88.175,99.53
88.1921,99.53
88.2092,99.53
88.2262,99.53
88.2433,99.54
88.2604,99.54
88.2775,99.54
88.2946,99.54
88.3117,99.54
88.3288,99.54
88.3459,99.54
88.363,99.54
88.38,99.54
88.3971,99.55
88.4142,99.55
88.4313,99.55
88.4313,99.55
88.4655,99.55
88.4826,99.55
88.4997,99.55
88.5167,99.55
88.5338,99.55
88.5509,99.55
88.568,99.56
88.5851,99.56
88.6022,99.56
88.6193,99.56
88.6364,99.56
88.6535,99.56
88.6705,99.56
88.6876,99.56
88.7047,99.56
88.7218,99.56
88.7389,99.57
88.756,99.57
88.7731,99.57
88.7902,99.57
88.8072,99.57
88.8243,99.57
88.8414,99.57
88.8585,99.57
88.8756,99.57
88.8756,99.57
88.9098,99.58
88.9269,99.58
88.9269,99.58
88.961,99.58
88.9781,99.58
88.9952,99.58
89.0123,99.58
89.0294,99.58
89.0465,99.58
89.0636,99.58
89.0807,99.59
89.0977,99.59
89.1148,99.59
89.1319,99.59
89.149,99.59
89.1661,99.59
89.1832,99.59
89.2003,99.59
89.2174,99.59
89.2344,99.59
89.2515,99.6
89.2686,99.6
89.2857,99.6
89.3028,99.6
89.3199,99.6
89.337,99.6
89.3541,99.6
89.3712,99.6
89.3882,99.6
89.4053,99.6
89.4224,99.61
89.4395,99.61
89.4566,99.61
89.4737,99.61
89.4908,99.61
89.5079,99.61
89.5249,99.61
89.542,99.61
89.5591,99.61
89.5762,99.61
89.5933,99.62
89.6104,99.62
89.6275,99.62
89.6446,99.62
89.6617,99.62
89.6787,99.62
89.6958,99.62
89.7129,99.62
89.73,99.62
89.7471,99.62
89.7642,99.62
89.7813,99.63
89.7984,99.63
89.7984,99.63
89.7984,99.63
89.8496,99.63
89.8667,99.63
89.8838,99.63
89.9009,99.63
89.918,99.63
89.9351,99.63
89.9522,99.64
89.9692,99.64
89.9863,99.64
90.0034,99.64
90.0205,99.64
90.0376,99.64
90.0547,99.64
90.0718,99.64
90.0889,99.64
90.1059,99.64
90.123,99.64
90.1401,99.65
90.1572,99.65
90.1743,99.65
90.1914,99.65
90.2085,99.65
90.2256,99.65
90.2427,99.65
90.2597,99.65
90.2768,99.65
90.2939,99.65
90.311,99.65
90.3281,99.66
90.3452,99.66
90.3623,99.66
90.3794,99.66
90.3964,99.66
90.4135,99.66
90.4306,99.66
90.4477,99.66
90.4648,99.66
90.4819,99.66
90.499,99.66
90.5161,99.67
90.5332,99.67
90.5502,99.67
90.5673,99.67
90.5844,99.67
90.6015,99.67
90.6186,99.67
90.6357,99.67
90.6528,99.67
90.6699,99.67
90.6869,99.67
90.704,99.68
90.7211,99.68
90.7382,99.68
90.7553,99.68
90.7724,99.68
90.7895,99.68
90.8066,99.68
90.8237,99.68
90.8407,99.68
90.8578,99.68
90.8749,99.68
90.892,99.69
90.9091,99.69
90.9262,99.69
90.9433,99.69
90.9604,99.69
90.9774,99.69
90.9945,99.69
91.0116,99.69
91.0287,99.69
91.0458,99.69
91.0629,99.69
91.08,99.7
91.0971,99.7
91.1141,99.7
91.1312,99.7
91.1483,99.7
91.1654,99.7
91.1825,99.7
91.1996,99.7
91.2167,99.7
91.2338,99.7
91.2509,99.7
91.2679,99.71
91.285,99.71
91.3021,99.71
91.3192,99.71
91.3363,99.71
91.3534,99.71
91.3705,99.71
91.3876,99.71
91.4046,99.71
91.4217,99.71
91.4388,99.71
91.4559,99.71
91.4559,99.72
91.4901,99.72
91.5072,99.72
91.5243,99.72
91.5414,99.72
91.5584,99.72
91.5755,99.72
91.5926,99.72
91.6097,99.72
91.6268,99.72
91.6439,99.72
91.661,99.72
91.6781,99.73
91.6951,99.73
91.7122,99.73
91.7293,99.73
91.7464,99.73
91.7635,99.73
91.7806,99.73
91.7977,99.73
91.8148,99.73
91.8319,99.73
91.8489,99.73
91.866,99.74
91.8831,99.74
91.9002,99.74
91.9173,99.74
91.9344,99.74
91.9515,99.74
91.9686,99.74
91.9856,99.74
92.0027,99.74
92.0198,99.74
92.0369,99.74
92.054,99.74
92.0711,99.75
92.0882,99.75
92.1053,99.75
92.1224,99.75
92.1224,99.75
92.1565,99.75
92.1736,99.75
92.1907,99.75
92.2078,99.75
92.2249,99.75
92.242,99.75
92.2591,99.75
92.2761,99.75
92.2932,99.76
92.3103,99.76
92.3274,99.76
92.3445,99.76
92.3616,99.76
92.3787,99.76
92.3958,99.76
92.4129,99.76
92.4299,99.76
92.447,99.76
92.4641,99.76
92.4812,99.76
92.4983,99.77
92.5154,99.77
92.5325,99.77
92.5496,99.77
92.5666,99.77
92.5837,99.77
92.6008,99.77
92.6179,99.77
92.635,99.77
92.6521,99.77
92.6692,99.77
92.6863,99.77
92.7033,99.77
92.7204,99.78
92.7375,99.78
92.7546,99.78
92.7717,99.78
92.7888,99.78
92.8059,99.78
92.8059,99.78
92.8401,99.78
92.8401,99.78
92.8742,99.78
92.8913,99.78
92.9084,99.78
92.9255,99.79
92.9426,99.79
92.9426,99.79
92.9768,99.79
92.9938,99.79
93.0109,99.79
93.028,99.79
93.0451,99.79
93.0622,99.79
93.0793,99.79
93.0964,99.79
93.1135,99.79
93.1306,99.79
93.1476,99.8
93.1647,99.8
93.1818,99.8
93.1989,99.8
93.216,99.8
93.2331,99.8
93.2502,99.8
93.2673,99.8
93.2843,99.8
93.3014,99.8
93.3185,99.8
93.3356,99.8
93.3527,99.8
93.3698,99.81
93.3869,99.81
93.404,99.81
93.4211,99.81
93.4381,99.81
93.4552,99.81
93.4723,99.81
93.4894,99.81
93.5065,99.81
93.5236,99.81
93.5407,99.81
93.5578,99.81
93.5748,99.81
93.5919,99.81
93.5919,99.82
93.6261,99.82
93.6432,99.82
93.6603,99.82
93.6774,99.82
93.6945,99.82
93.7116,99.82
93.7286,99.82
93.7457,99.82
93.7628,99.82
93.7799,99.82
93.797,99.82
93.8141,99.82
93.8312,99.83
93.8483,99.83
93.8653,99.83
93.8824,99.83
93.8995,99.83
93.9166,99.83
93.9337,99.83
93.9508,99.83
93.9679,99.83
93.985,99.83
94.0021,99.83
94.0191,99.83
94.0362,99.83
94.0362,99.83
94.0704,99.84
94.0875,99.84
94.1046,99.84
94.1217,99.84
94.1217,99.84
94.1558,99.84
94.1729,99.84
94.19,99.84
94.2071,99.84
94.2242,99.84
94.2413,99.84
94.2584,99.84
94.2755,99.84
94.2925,99.84
94.3096,99.85
94.3267,99.85
94.3267,99.85
94.3609,99.85
94.378,99.85
94.3951,99.85
94.4122,99.85
94.4293,99.85
94.4463,99.85
94.4634,99.85
94.4805,99.85
94.4976,99.85
94.5147,99.85
94.5318,99.85
94.5489,99.85
94.566,99.86
94.583,99.86
94.6001,99.86
94.6172,99.86
94.6343,99.86
94.6514,99.86
94.6685,99.86
94.6856,99.86
94.7027,99.86
94.7198,99.86
94.7368,99.86
94.7539,99.86
94.771,99.86
94.7881,99.86
94.8052,99.86
94.8223,99.87
94.8394,99.87
94.8565,99.87
94.8735,99.87
94.8906,99.87
94.9077,99.87
94.9248,99.87
94.9419,99.87
94.959,99.87
94.9761,99.87
94.9932,99.87
95.0103,99.87
95.0273,99.87
95.0444,99.87
95.0615,99.87
95.0786,99.88
95.0957,99.88
95.1128,99.88
95.1299,99.88
95.147,99.88
95.164,99.88
95.1811,99.88
95.1982,99.88
95.2153,99.88
95.2324,99.88
95.2495,99.88
95.2666,99.88
95.2837,99.88
95.3008,99.88
95.3178,99.88
95.3349,99.89
95.352,99.89
95.3691,99.89
95.3862,99.89
95.4033,99.89
95.4204,99.89
95.4375,99.89
95.4545,99.89
95.4716,99.89
95.4887,99.89
95.5058,99.89
95.5229,99.89
95.54,99.89
95.5571,99.89
95.5742,99.89
95.5913,99.89
95.6083,99.9
95.6254,99.9
95.6425,99.9
95.6596,99.9
95.6767,99.9
95.6938,99.9
95.7109,99.9
95.728,99.9
95.745,99.9
95.7621,99.9
95.7792,99.9
95.7963,99.9
95.8134,99.9
95.8305,99.9
95.8476,99.9
95.8647,99.9
95.8817,99.91
95.8988,99.91
95.9159,99.91
95.933,99.91
95.9501,99.91
95.9672,99.91
95.9843,99.91
96.0014,99.91
96.0185,99.91
96.0355,99.91
96.0526,99.91
96.0697,99.91
96.0868,99.91
96.1039,99.91
96.121,99.91
96.1381,99.91
96.1552,99.91
96.1722,99.92
96.1893,99.92
96.1893,99.92
96.2235,99.92
96.2406,99.92
96.2577,99.92
96.2748,99.92
96.2919,99.92
96.309,99.92
96.309,99.92
96.3431,99.92
96.3602,99.92
96.3773,99.92
96.3944,99.92
96.4115,99.92
96.4286,99.92
96.4457,99.92
96.4627,99.93
96.4798,99.93
96.4969,99.93
96.514,99.93
96.5311,99.93
96.5482,99.93
96.5653,99.93
96.5824,99.93
96.5995,99.93
96.6165,99.93
96.6336,99.93
96.6507,99.93
96.6678,99.93
96.6678,99.93
96.702,99.93
96.7191,99.93
96.7362,99.93
96.7532,99.94
96.7703,99.94
96.7874,99.94
96.8045,99.94
96.8216,99.94
96.8387,99.94
96.8558,99.94
96.8729,99.94
96.89,99.94
96.907,99.94
96.9241,99.94
96.9412,99.94
96.9412,99.94
96.9754,99.94
96.9925,99.94
97.0096,99.94
97.0267,99.94
97.0437,99.94
97.0608,99.94
97.0779,99.95
97.0779,99.95
97.1121,99.95
97.1292,99.95
97.1463,99.95
97.1634,99.95
97.1805,99.95
97.1975,99.95
97.2146,99.95
97.2317,99.95
97.2488,99.95
97.2659,99.95
97.283,99.95
97.3001,99.95
97.3172,99.95
97.3342,99.95
97.3513,99.95
97.3684,99.95
97.3855,99.95
97.4026,99.95
97.4197,99.96
97.4368,99.96
97.4539,99.96
97.471,99.96
97.488,99.96
97.5051,99.96
97.5222,99.96
97.5393,99.96
97.5564,99.96
97.5735,99.96
97.5906,99.96
97.6077,99.96
97.6077,99.96
97.6418,99.96
97.6589,99.96
97.676,99.96
97.6931,99.96
97.7102,99.96
97.7273,99.96
97.7444,99.96
97.7614,99.96
97.7785,99.96
97.7956,99.97
97.7956,99.97
97.7956,99.97
97.8469,99.97
97.864,99.97
97.8811,99.97
97.8982,99.97
97.9152,99.97
97.9323,99.97
97.9494,99.97
97.9665,99.97
97.9836,99.97
98.0007,99.97
98.0178,99.97
98.0349,99.97
98.0519,99.97
98.069,99.97
98.0861,99.97
98.1032,99.97
98.1032,99.97
98.1032,99.97
98.1545,99.97
98.1545,99.97
98.1887,99.97
98.2057,99.98
98.2228,99.98
98.2399,99.98
98.257,99.98
98.2741,99.98
98.2912,99.98
98.3083,99.98
98.3254,99.98
98.3424,99.98
98.3595,99.98
98.3766,99.98
98.3937,99.98
98.4108,99.98
98.4279,99.98
98.445,99.98
98.4621,99.98
98.4792,99.98
98.4962,99.98
98.5133,99.98
98.5304,99.98
98.5475,99.98
98.5646,99.98
98.5817,99.98
98.5988,99.98
98.6159,99.98
98.6329,99.98
98.6329,99.98
98.6671,99.98
98.6842,99.99
98.7013,99.99
98.7184,99.99
98.7355,99.99
98.7526,99.99
98.7697,99.99
98.7867,99.99
98.8038,99.99
98.8209,99.99
98.838,99.99
98.838,99.99
98.8722,99.99
98.8893,99.99
98.9064,99.99
98.9234,99.99
98.9405,99.99
98.9576,99.99
98.9747,99.99
98.9918,99.99
99.0089,99.99
99.026,99.99
99.0431,99.99
99.0602,99.99
99.0772,99.99
99.0943,99.99
99.1114,99.99
99.1285,99.99
99.1456,99.99
99.1627,99.99
99.1798,99.99
99.1969,99.99
99.2139,99.99
99.231,99.99
99.2481,99.99
99.2652,99.99
99.2823,99.99
99.2994,99.99
99.3165,100.0
99.3336,100.0
99.3506,100.0
99.3677,100.0
99.3848,100.0
99.3848,100.0
99.419,100.0
99.4361,100.0
99.4532,100.0
99.4703,100.0
99.4874,100.0
99.4874,100.0
99.5215,100.0
99.5386,100.0
99.5557,100.0
99.5728,100.0
99.5899,100.0
99.607,100.0
99.6241,100.0
99.6411,100.0
99.6582,100.0
99.6753,100.0
99.6753,100.0
99.7095,100.0
99.7266,100.0
99.7437,100.0
99.7608,100.0
99.7779,100.0
99.7949,100.0
99.812,100.0
99.8291,100.0
99.8462,100.0
99.8633,100.0
99.8804,100.0
99.8975,100.0
99.9146,100.0
99.9316,100.0
99.9487,100.0
99.9658,100.0
99.9658,100.0
100.0,100.0
